序号,代码,名称,最新价,涨跌幅,涨跌额,成交量,成交额,振幅,最高,最低,今开,昨收,量比,换手率,市盈率-动态,市净率
1,301707,N展芯,116.52,396.89,93.07,214773,2501530168.35,98.17,129.9,106.88,108.0,23.45,,79.39,241.26,20.36
2,688813,泰金新能,128.99,17.69,19.39,96315,1170355846.0,21.32,131.52,108.15,111.5,109.6,2.61,32.02,95.16,12.06
3,688796,百奥赛图,130.12,13.64,15.62,44355,545742359.0,15.32,131.88,114.34,117.99,114.5,1.67,11.49,139.74,25.48
4,001232,C嘉立创,198.29,12.15,21.48,242194,4585772153.02,18.61,204.9,172.0,172.0,176.81,0.94,54.79,73.15,9.17
5,688765,禾元生物-U,38.76,11.41,3.97,84414,311691907.0,13.28,38.92,34.3,34.78,34.79,2.3,11.73,-96.1,4.83
6,603459,红板科技,105.58,10.0,9.6,190709,1981697461.0,10.87,105.58,95.15,95.2,95.98,1.07,24.12,160.71,19.53
7,688759,必贝特-U,25.37,9.12,2.12,91285,222732314.0,12.52,25.74,22.83,23.37,23.25,1.76,12.68,-54.13,7.02
8,688806,泰诺麦博-U,28.19,7.8,2.04,145659,397096686.0,8.99,28.27,25.92,25.95,26.15,1.26,28.55,-33.67,14.37
9,688808,联讯仪器,2220.0,5.97,124.99,14225,3138419064.0,10.18,2296.0,2082.7,2082.7,2095.01,0.78,7.37,479.21,77.7
10,688785,恒运昌,273.56,4.49,11.76,8590,230492714.0,6.43,273.84,257.0,263.84,261.8,1.04,6.34,263.33,8.5
11,001257,盛龙股份,26.66,4.22,1.08,290807,761723991.85,7.04,26.86,25.06,25.48,25.58,1.57,21.23,31.78,6.64
12,603352,至信股份,28.09,4.0,1.08,42733,118534750.0,5.33,28.23,26.79,27.27,27.01,1.12,9.43,65.74,2.17
13,688807,优迅股份,254.0,3.63,8.9,19375,487221065.0,6.36,257.17,241.58,246.54,245.1,1.2,12.11,191.16,11.49
14,603402,陕西旅游,67.49,3.51,2.29,30105,199054989.0,5.43,67.62,64.08,65.5,65.2,1.9,11.98,41.19,2.44
15,603175,超颖电子,85.94,3.48,2.89,28120,239310014.0,5.68,86.77,82.05,82.05,83.05,1.11,6.18,-98.16,14.07
16,688820,盛合晶微,140.84,3.36,4.58,181635,2525017132.0,6.93,142.55,133.11,135.8,136.26,1.12,10.51,342.8,13.64
17,688783,西安奕材-U,32.0,3.23,1.0,438243,1381484073.0,5.77,32.3,30.51,31.29,31.0,1.12,16.3,-204.03,10.53
18,688809,强一股份,483.03,3.21,15.03,19198,911929866.0,7.05,489.04,456.03,464.51,468.0,1.0,7.41,139.67,15.45
19,603284,林平发展,40.62,2.97,1.17,25884,104326026.0,4.11,40.77,39.15,39.44,39.45,1.81,14.01,16.29,1.41
20,301563,云汉芯城,129.0,2.95,3.7,22238,283351262.98,5.78,129.94,122.7,125.01,125.3,1.04,11.62,52.88,8.86
21,688635,长进光子,262.53,2.95,7.53,30743,798310084.0,9.56,272.99,248.6,255.0,255.0,1.49,17.31,309.14,16.44
22,603435,嘉德利,54.79,2.12,1.14,62196,338410621.0,4.53,55.26,52.83,53.82,53.65,1.19,17.43,99.17,11.81
23,301687,新广益,51.56,2.1,1.06,56183,285394593.32,6.2,51.88,48.75,50.05,50.5,1.14,18.03,71.83,5.08
24,688795,摩尔线程-U,597.89,2.03,11.89,13951,826738983.0,2.69,598.89,583.1,586.0,586.0,1.02,4.62,2392.99,24.4
25,301666,大普微-UW,447.87,1.97,8.67,27864,1244715052.93,4.55,454.0,434.01,442.25,439.2,0.81,10.51,132.04,72.88
26,001233,海安集团,44.83,1.89,0.83,17187,76604900.38,3.64,45.13,43.53,43.79,44.0,1.2,4.56,39.23,1.77
27,688818,电科蓝天,50.55,1.83,0.91,96799,482301256.0,4.23,50.75,48.65,49.6,49.64,0.94,7.33,1472.85,16.47
28,688712,北芯生命,34.77,1.79,0.61,47824,163417353.0,3.98,34.84,33.48,34.15,34.16,1.26,10.49,79.3,8.22
29,688805,健信超导,41.34,1.77,0.72,11758,47956002.0,4.21,41.36,39.65,40.51,40.62,1.03,3.51,74.82,5.8
30,688781,视涯科技-UW,38.26,1.67,0.63,15468,58973885.0,3.4,38.6,37.32,37.65,37.63,0.61,3.79,-210.14,9.43
31,301531,春光集团,51.98,1.62,0.83,39061,202428987.29,3.93,52.51,50.5,50.5,51.15,0.99,8.33,96.19,7.89
32,301696,三瑞智能,106.35,1.48,1.55,30057,314656883.37,4.27,106.35,101.88,104.03,104.8,0.8,9.99,81.63,21.45
33,688790,昂瑞微-UW,96.15,1.34,1.27,4739,45079294.0,3.25,96.28,93.2,95.57,94.88,1.04,3.74,-35.64,3.52
34,688811,有研复材,23.49,1.34,0.31,92971,215660629.0,4.75,23.7,22.6,22.95,23.18,1.03,10.09,11075.75,7.59
35,001365,天海电子,37.85,1.26,0.47,67517,251447150.2,3.64,37.86,36.5,37.3,37.38,1.08,11.74,42.49,2.73
36,688797,臻宝科技,339.57,1.24,4.15,46727,1572932077.0,5.46,343.91,325.58,333.0,335.42,0.92,16.01,258.36,18.39
37,301599,理奇智能,35.61,1.22,0.43,30250,106858691.85,3.04,35.75,34.68,34.88,35.18,0.81,5.53,60.31,7.3
38,603407,长裕集团,64.25,1.17,0.74,77650,491503140.0,5.27,64.89,61.54,63.49,63.51,0.88,21.62,117.48,12.71
39,688825,长鑫科技,52.48,1.0,0.52,5155129,26701714925.0,5.95,53.15,50.06,51.01,51.96,0.84,11.45,35.44,25.19
40,688816,易思维,50.67,0.98,0.49,4532,22810840.0,1.89,50.76,49.81,50.1,50.18,0.96,2.35,-41.98,2.82
41,301669,高特电子,30.6,0.96,0.29,76543,231957556.81,3.5,30.67,29.61,30.05,30.31,0.77,9.35,237.61,8.59
42,001280,中国铀业,65.38,0.94,0.61,90716,594640387.46,3.15,66.7,64.66,64.76,64.77,0.95,5.22,157.9,8.2
43,301513,尚水智能,49.96,0.91,0.45,12115,60195903.25,3.13,50.27,48.72,49.24,49.51,1.02,6.01,42.44,3.82
44,301682,宏明电子,129.38,0.9,1.15,24333,312529716.56,4.42,130.9,125.23,127.14,128.23,0.92,9.47,28.2,3.21
45,688802,沐曦股份-U,729.08,0.88,6.38,13531,986006139.0,2.88,738.8,718.0,722.7,722.7,1.08,7.3,-737.8,22.27
46,301656,联合动力,17.08,0.77,0.13,52486,89153478.16,2.48,17.17,16.75,16.9,16.95,1.04,2.58,211.57,4.3
47,001396,誉帆科技,34.79,0.69,0.24,8382,28765448.99,2.98,34.86,33.83,34.47,34.55,0.69,3.69,515.15,2.64
48,301683,慧谷新材,103.18,0.66,0.68,9353,95715735.05,3.55,103.85,100.21,102.43,102.5,1.1,6.56,29.42,2.76
49,603248,锡华科技,19.06,0.42,0.08,29479,55669715.0,2.16,19.08,18.67,19.01,18.98,0.71,4.12,76.02,3.88
50,301575,艾芬达,27.42,0.37,0.1,8039,21861091.81,2.34,27.48,26.84,27.25,27.32,0.99,3.3,28.6,2.4
51,301680,固德电材,92.87,0.36,0.33,8186,75034735.25,3.22,93.0,90.02,92.0,92.54,0.88,4.87,39.16,4.12
52,001393,维通利,45.06,0.33,0.15,32532,147350886.54,3.03,46.2,44.84,45.37,44.91,0.98,6.77,57.15,3.11
53,601112,振石股份,15.53,0.32,0.05,42385,65388545.0,2.07,15.55,15.23,15.47,15.48,0.76,2.32,33.75,4.31
54,001237,惠康科技,54.9,0.29,0.16,16947,92209579.34,2.25,54.93,53.7,54.45,54.74,0.88,4.86,24.55,2.47
55,603092,德力佳,49.61,0.26,0.13,13843,68246489.0,1.92,49.68,48.73,49.04,49.48,0.68,4.0,23.35,3.62
56,688727,恒坤新材,47.6,0.21,0.1,92205,433381068.0,7.75,48.58,44.9,45.84,47.5,1.62,17.07,209.07,8.46
57,603293,埃泰克,37.16,-0.05,-0.02,11951,44097267.0,2.07,37.27,36.5,37.18,37.18,0.61,3.41,28.67,2.28
58,001312,福恩股份,17.77,-0.17,-0.03,19575,34644739.53,1.46,17.83,17.57,17.76,17.8,0.85,3.42,25.52,1.81
59,603418,友升股份,43.61,-0.23,-0.1,7149,30998577.0,1.56,43.79,43.11,43.73,43.71,0.83,1.73,20.4,1.88
60,301449,天溯计量,38.18,-0.31,-0.12,20580,77356392.78,3.42,38.29,36.98,38.29,38.3,0.55,10.02,230.2,3.13
61,603370,华新精科,34.25,-0.32,-0.11,6866,23652541.0,2.15,34.95,34.21,34.25,34.36,0.78,1.96,44.84,3.12
62,603334,丰倍生物,32.82,-0.36,-0.12,13899,45190674.0,2.7,33.02,32.13,33.02,32.94,0.69,4.37,28.8,2.79
63,601026,道生天合,14.96,-0.4,-0.06,36868,54850050.0,2.13,15.06,14.74,15.06,15.02,0.66,3.32,79.77,3.97
64,301638,南网数字,23.74,-0.42,-0.1,132856,313113853.56,2.14,23.83,23.32,23.8,23.84,0.69,5.31,244.48,6.84
65,001399,惠科股份,23.76,-0.46,-0.11,402999,957682693.07,4.11,24.21,23.23,23.79,23.87,0.94,9.36,44.2,5.25
66,301668,昊创瑞通,36.69,-0.52,-0.19,27109,97870430.34,4.09,36.99,35.48,36.9,36.88,0.55,11.14,125.68,3.99
67,001285,瑞立科密,41.69,-0.52,-0.22,8679,35985107.64,1.93,41.98,41.17,41.98,41.91,0.61,2.09,22.71,1.99
68,001386,马可波罗,15.11,-0.59,-0.09,48889,73418007.44,2.5,15.19,14.81,15.19,15.2,1.32,4.55,28.28,1.52
69,301667,纳百川,68.3,-0.64,-0.44,41238,278791843.57,4.04,69.39,66.61,68.98,68.74,0.64,17.38,263.08,5.97
70,603376,大明电子,25.68,-0.66,-0.17,15962,41146103.0,3.25,26.33,25.49,26.03,25.85,0.67,4.99,189.8,6.07
71,001369,双欣材料,12.73,-0.7,-0.09,98949,125556507.4,2.11,12.86,12.59,12.81,12.82,0.89,4.77,28.57,2.12
72,001248,华润新能,13.18,-1.05,-0.14,986812,1296363082.57,2.03,13.3,13.03,13.26,13.32,0.81,9.29,27.15,1.54
73,301583,托伦斯,148.8,-1.06,-1.59,107007,1605767696.34,4.26,153.0,146.6,147.17,150.39,0.75,34.71,471.24,14.91
74,001325,元创股份,35.49,-1.42,-0.51,10764,38276736.0,2.06,36.08,35.34,35.87,36.0,1.07,5.49,27.2,1.57
75,001220,世盟股份,29.62,-1.46,-0.44,9302,27398007.06,2.93,30.0,29.12,30.0,30.06,0.82,4.03,33.12,1.8
76,301677,欣兴工具,62.61,-2.43,-1.56,68246,426190957.48,3.02,63.52,61.58,61.68,64.17,0.57,31.83,33.08,2.91
77,301584,建发致新,23.02,-3.88,-0.93,94101,217257891.8,3.76,23.65,22.75,23.56,23.95,1.75,17.52,37.2,4.65
78,603468,C津富,30.75,-17.98,-6.74,248731,777764333.0,4.61,32.4,30.67,31.0,37.49,0.8,62.2,33.62,3.54
