date,open,close,high,low
2016-07-22,0.992,0.987,0.997,0.98
2016-07-25,0.985,0.978,0.991,0.976
2016-07-26,0.978,0.995,0.996,0.978
2016-07-27,0.997,0.94,0.999,0.931
2016-07-28,0.94,0.933,0.946,0.916
2016-07-29,0.933,0.925,0.937,0.92
2016-08-01,0.91,0.912,0.921,0.895
2016-08-02,0.909,0.921,0.921,0.908
2016-08-03,0.92,0.915,0.921,0.91
2016-08-04,0.919,0.926,0.93,0.912
2016-08-05,0.922,0.916,0.928,0.913
2016-08-08,0.915,0.924,0.924,0.905
2016-08-09,0.924,0.933,0.935,0.921
2016-08-10,0.932,0.928,0.939,0.926
2016-08-11,0.924,0.916,0.927,0.915
2016-08-12,0.917,0.918,0.92,0.911
2016-08-15,0.921,0.955,0.965,0.915
2016-08-16,0.954,0.964,0.97,0.954
2016-08-17,0.96,0.96,0.967,0.954
2016-08-18,0.954,0.959,0.964,0.954
2016-08-19,0.963,0.959,0.963,0.954
2016-08-22,0.956,0.94,0.96,0.94
2016-08-23,0.94,0.941,0.949,0.938
2016-08-24,0.943,0.951,0.955,0.941
2016-08-25,0.945,0.94,0.945,0.93
2016-08-26,0.94,0.944,0.956,0.94
2016-08-29,0.941,0.948,0.956,0.941
2016-08-30,0.948,0.953,0.955,0.946
2016-08-31,0.953,0.949,0.953,0.942
2016-09-01,0.949,0.943,0.953,0.943
2016-09-02,0.943,0.943,0.949,0.936
2016-09-05,0.94,0.944,0.954,0.939
2016-09-06,0.944,0.958,0.962,0.935
2016-09-07,0.955,0.955,0.965,0.955
2016-09-08,0.955,0.96,0.961,0.954
2016-09-09,0.96,0.948,0.961,0.948
2016-09-12,0.945,0.925,0.945,0.924
2016-09-13,0.928,0.918,0.935,0.917
2016-09-14,0.92,0.917,0.923,0.913
2016-09-19,0.917,0.927,0.934,0.917
2016-09-20,0.924,0.924,0.929,0.923
2016-09-21,0.929,0.924,0.929,0.924
2016-09-22,0.925,0.927,0.931,0.925
2016-09-23,0.928,0.918,0.928,0.917
2016-09-26,0.923,0.912,0.923,0.91
2016-09-27,0.905,0.912,0.912,0.902
2016-09-28,0.91,0.909,0.911,0.906
2016-09-29,0.909,0.91,0.918,0.909
2016-09-30,0.91,0.912,0.915,0.909
2016-10-10,0.92,0.938,0.939,0.917
2016-10-11,0.937,0.937,0.939,0.934
2016-10-12,0.936,0.937,0.942,0.934
2016-10-13,0.937,0.937,0.943,0.933
2016-10-14,0.933,0.93,0.934,0.924
2016-10-17,0.927,0.922,0.932,0.919
2016-10-18,0.922,0.933,0.933,0.921
2016-10-19,0.933,0.929,0.933,0.927
2016-10-20,0.926,0.93,0.934,0.926
2016-10-21,0.932,0.926,0.933,0.921
2016-10-24,0.928,0.936,0.94,0.924
2016-10-25,0.934,0.936,0.941,0.934
2016-10-26,0.937,0.931,0.938,0.929
2016-10-27,0.931,0.931,0.934,0.928
2016-10-28,0.933,0.924,0.937,0.924
2016-10-31,0.925,0.923,0.925,0.917
2016-11-01,0.923,0.927,0.928,0.922
2016-11-02,0.925,0.912,0.925,0.912
2016-11-03,0.912,0.915,0.923,0.909
2016-11-04,0.915,0.915,0.923,0.913
2016-11-07,0.915,0.904,0.915,0.903
2016-11-08,0.907,0.913,0.916,0.906
2016-11-09,0.912,0.9,0.914,0.891
2016-11-10,0.904,0.908,0.91,0.904
2016-11-11,0.907,0.912,0.914,0.9
2016-11-14,0.911,0.92,0.927,0.91
2016-11-15,0.916,0.928,0.933,0.916
2016-11-16,0.929,0.929,0.94,0.928
2016-11-17,0.923,0.919,0.923,0.913
2016-11-18,0.917,0.914,0.92,0.914
2016-11-21,0.914,0.912,0.917,0.91
2016-11-22,0.912,0.926,0.926,0.911
2016-11-23,0.929,0.922,0.936,0.921
2016-11-24,0.92,0.913,0.925,0.911
2016-11-25,0.913,0.923,0.925,0.904
2016-11-28,0.926,0.921,0.93,0.919
2016-11-29,0.921,0.924,0.932,0.918
2016-11-30,0.922,0.935,0.945,0.92
2016-12-01,0.938,0.932,0.94,0.93
2016-12-02,0.933,0.917,0.935,0.916
2016-12-05,0.912,0.914,0.923,0.907
2016-12-06,0.914,0.899,0.917,0.897
2016-12-07,0.899,0.903,0.903,0.896
2016-12-08,0.905,0.893,0.905,0.892
2016-12-09,0.893,0.886,0.896,0.884
2016-12-12,0.886,0.832,0.886,0.831
2016-12-13,0.831,0.834,0.84,0.826
2016-12-14,0.833,0.826,0.837,0.822
2016-12-15,0.825,0.831,0.838,0.824
2016-12-16,0.833,0.841,0.848,0.832
2016-12-19,0.842,0.834,0.842,0.829
2016-12-20,0.837,0.836,0.839,0.832
2016-12-21,0.838,0.837,0.841,0.834
2016-12-22,0.837,0.835,0.838,0.832
2016-12-23,0.835,0.824,0.836,0.823
2016-12-26,0.822,0.824,0.825,0.807
2016-12-27,0.829,0.823,0.829,0.822
2016-12-28,0.82,0.817,0.824,0.816
2016-12-29,0.818,0.813,0.824,0.813
2016-12-30,0.815,0.817,0.821,0.814
2017-01-03,0.814,0.818,0.822,0.814
2017-01-04,0.82,0.838,0.838,0.818
2017-01-05,0.837,0.835,0.838,0.833
2017-01-06,0.835,0.823,0.835,0.822
2017-01-09,0.824,0.822,0.828,0.818
2017-01-10,0.82,0.82,0.826,0.818
2017-01-11,0.819,0.814,0.822,0.811
2017-01-12,0.813,0.809,0.816,0.808
2017-01-13,0.808,0.791,0.811,0.791
2017-01-16,0.794,0.753,0.794,0.737
2017-01-17,0.753,0.776,0.783,0.746
2017-01-18,0.772,0.766,0.776,0.766
2017-01-19,0.766,0.767,0.772,0.76
2017-01-20,0.764,0.784,0.792,0.764
2017-01-23,0.782,0.786,0.789,0.782
2017-01-24,0.788,0.771,0.788,0.771
2017-01-25,0.773,0.774,0.776,0.77
2017-01-26,0.771,0.78,0.781,0.771
2017-02-03,0.783,0.777,0.783,0.775
2017-02-06,0.778,0.788,0.79,0.776
2017-02-07,0.788,0.781,0.79,0.778
2017-02-08,0.777,0.788,0.788,0.777
2017-02-09,0.788,0.794,0.796,0.788
2017-02-10,0.792,0.79,0.794,0.788
2017-02-13,0.789,0.796,0.801,0.786
2017-02-14,0.794,0.795,0.799,0.794
2017-02-15,0.795,0.785,0.797,0.785
2017-02-16,0.785,0.787,0.789,0.781
2017-02-17,0.787,0.782,0.791,0.78
2017-02-20,0.782,0.785,0.785,0.776
2017-02-21,0.784,0.797,0.8,0.784
2017-02-22,0.797,0.798,0.802,0.795
2017-02-23,0.798,0.799,0.799,0.793
2017-02-24,0.797,0.804,0.807,0.796
2017-02-27,0.804,0.801,0.813,0.799
2017-02-28,0.804,0.8,0.804,0.797
2017-03-01,0.8,0.801,0.804,0.798
2017-03-02,0.804,0.795,0.804,0.793
2017-03-03,0.794,0.796,0.798,0.786
2017-03-06,0.795,0.81,0.81,0.794
2017-03-07,0.812,0.815,0.817,0.808
2017-03-08,0.816,0.81,0.816,0.808
2017-03-09,0.81,0.808,0.81,0.802
2017-03-10,0.808,0.805,0.809,0.804
2017-03-13,0.805,0.813,0.814,0.8
2017-03-14,0.814,0.806,0.814,0.803
2017-03-15,0.803,0.808,0.81,0.799
2017-03-16,0.81,0.811,0.812,0.808
2017-03-17,0.814,0.805,0.821,0.805
2017-03-20,0.805,0.805,0.805,0.799
2017-03-21,0.805,0.807,0.809,0.803
2017-03-22,0.807,0.796,0.807,0.795
2017-03-23,0.796,0.795,0.802,0.788
2017-03-24,0.797,0.802,0.802,0.794
2017-03-27,0.803,0.796,0.803,0.796
2017-03-28,0.798,0.794,0.798,0.793
2017-03-29,0.793,0.787,0.796,0.786
2017-03-30,0.785,0.768,0.786,0.768
2017-03-31,0.771,0.774,0.775,0.77
2017-04-05,0.776,0.79,0.792,0.776
2017-04-06,0.794,0.791,0.795,0.789
2017-04-07,0.793,0.791,0.795,0.788
2017-04-10,0.793,0.775,0.793,0.774
2017-04-11,0.775,0.775,0.777,0.763
2017-04-12,0.774,0.765,0.774,0.765
2017-04-13,0.765,0.774,0.777,0.765
2017-04-14,0.776,0.763,0.776,0.761
2017-04-17,0.762,0.756,0.763,0.753
2017-04-18,0.758,0.742,0.758,0.741
2017-04-19,0.744,0.744,0.744,0.732
2017-04-20,0.747,0.742,0.748,0.738
2017-04-21,0.741,0.738,0.748,0.736
2017-04-24,0.741,0.722,0.741,0.72
2017-04-25,0.725,0.727,0.733,0.722
2017-04-26,0.729,0.724,0.729,0.721
2017-04-27,0.726,0.733,0.736,0.711
2017-04-28,0.733,0.738,0.741,0.73
2017-05-02,0.741,0.736,0.741,0.733
2017-05-03,0.739,0.736,0.739,0.733
2017-05-04,0.738,0.736,0.744,0.732
2017-05-05,0.738,0.728,0.738,0.728
2017-05-08,0.727,0.72,0.731,0.718
2017-05-09,0.719,0.725,0.727,0.713
2017-05-10,0.725,0.718,0.732,0.716
2017-05-11,0.718,0.714,0.718,0.7
2017-05-12,0.716,0.715,0.716,0.708
2017-05-15,0.719,0.715,0.721,0.714
2017-05-16,0.714,0.727,0.727,0.708
2017-05-17,0.727,0.732,0.74,0.726
2017-05-18,0.734,0.73,0.735,0.726
2017-05-19,0.73,0.724,0.731,0.722
2017-05-22,0.725,0.719,0.729,0.715
2017-05-23,0.721,0.706,0.721,0.704
2017-05-24,0.705,0.709,0.709,0.693
2017-05-25,0.709,0.713,0.718,0.698
2017-05-26,0.714,0.707,0.716,0.706
2017-05-31,0.718,0.707,0.718,0.707
2017-06-01,0.709,0.694,0.709,0.693
2017-06-02,0.694,0.703,0.708,0.688
2017-06-05,0.705,0.71,0.713,0.704
2017-06-06,0.713,0.711,0.715,0.708
2017-06-07,0.712,0.724,0.727,0.711
2017-06-08,0.725,0.724,0.728,0.721
2017-06-09,0.723,0.723,0.724,0.718
2017-06-12,0.723,0.714,0.723,0.712
2017-06-13,0.714,0.723,0.724,0.713
2017-06-14,0.724,0.724,0.728,0.72
2017-06-15,0.724,0.738,0.741,0.72
2017-06-16,0.738,0.736,0.739,0.733
2017-06-19,0.736,0.736,0.737,0.731
2017-06-20,0.738,0.74,0.746,0.738
2017-06-21,0.739,0.739,0.743,0.734
2017-06-22,0.74,0.728,0.742,0.728
2017-06-23,0.728,0.729,0.729,0.717
2017-06-26,0.73,0.733,0.734,0.726
2017-06-27,0.735,0.732,0.739,0.731
2017-06-28,0.733,0.726,0.733,0.724
2017-06-29,0.728,0.728,0.735,0.723
2017-06-30,0.728,0.731,0.731,0.725
2017-07-03,0.732,0.74,0.74,0.729
2017-07-04,0.739,0.734,0.739,0.732
2017-07-05,0.734,0.74,0.74,0.732
2017-07-06,0.739,0.737,0.744,0.732
2017-07-07,0.736,0.734,0.739,0.729
2017-07-10,0.73,0.719,0.733,0.718
2017-07-11,0.721,0.709,0.721,0.708
2017-07-12,0.708,0.706,0.713,0.699
2017-07-13,0.707,0.7,0.707,0.699
2017-07-14,0.703,0.691,0.703,0.69
2017-07-17,0.688,0.651,0.688,0.648
2017-07-18,0.65,0.656,0.657,0.643
2017-07-19,0.65,0.66,0.66,0.649
2017-07-20,0.663,0.66,0.67,0.658
2017-07-21,0.658,0.659,0.665,0.657
2017-07-24,0.662,0.661,0.663,0.655
2017-07-25,0.661,0.663,0.665,0.658
2017-07-26,0.663,0.66,0.665,0.657
2017-07-27,0.66,0.692,0.693,0.658
2017-07-28,0.691,0.687,0.694,0.685
2017-07-31,0.688,0.686,0.69,0.68
2017-08-01,0.687,0.69,0.691,0.682
2017-08-02,0.694,0.684,0.694,0.684
2017-08-03,0.683,0.692,0.707,0.681
2017-08-04,0.691,0.686,0.694,0.685
2017-08-07,0.685,0.691,0.696,0.681
2017-08-08,0.69,0.699,0.699,0.685
2017-08-09,0.698,0.701,0.705,0.694
2017-08-10,0.698,0.694,0.704,0.691
2017-08-11,0.69,0.692,0.7,0.689
2017-08-14,0.691,0.711,0.712,0.691
2017-08-15,0.712,0.713,0.715,0.708
2017-08-16,0.713,0.732,0.734,0.709
2017-08-17,0.735,0.741,0.748,0.724
2017-08-18,0.736,0.736,0.742,0.734
2017-08-21,0.736,0.734,0.739,0.73
2017-08-22,0.735,0.721,0.735,0.721
2017-08-23,0.724,0.725,0.73,0.72
2017-08-24,0.725,0.719,0.727,0.717
2017-08-25,0.716,0.729,0.73,0.716
2017-08-28,0.73,0.744,0.75,0.73
2017-08-29,0.745,0.74,0.747,0.738
2017-08-30,0.741,0.74,0.747,0.739
2017-08-31,0.739,0.745,0.747,0.739
2017-09-01,0.747,0.752,0.754,0.741
2017-09-04,0.752,0.76,0.765,0.749
2017-09-05,0.761,0.76,0.764,0.754
2017-09-06,0.758,0.772,0.772,0.756
2017-09-07,0.771,0.764,0.781,0.763
2017-09-08,0.764,0.76,0.767,0.755
2017-09-11,0.761,0.771,0.772,0.759
2017-09-12,0.773,0.762,0.774,0.76
2017-09-13,0.762,0.765,0.765,0.756
2017-09-14,0.763,0.758,0.766,0.756
2017-09-15,0.758,0.755,0.759,0.752
2017-09-18,0.753,0.761,0.761,0.751
2017-09-19,0.761,0.752,0.763,0.751
2017-09-20,0.753,0.758,0.759,0.749
2017-09-21,0.758,0.749,0.762,0.748
2017-09-22,0.747,0.747,0.75,0.739
2017-09-25,0.747,0.731,0.748,0.731
2017-09-26,0.731,0.732,0.735,0.728
2017-09-27,0.73,0.741,0.743,0.73
2017-09-28,0.742,0.74,0.746,0.739
2017-09-29,0.74,0.748,0.748,0.74
2017-10-09,0.76,0.76,0.76,0.753
2017-10-10,0.759,0.77,0.771,0.757
2017-10-11,0.771,0.762,0.771,0.76
2017-10-12,0.761,0.762,0.766,0.758
2017-10-13,0.763,0.779,0.779,0.761
2017-10-16,0.774,0.758,0.776,0.756
2017-10-17,0.756,0.752,0.759,0.75
2017-10-18,0.75,0.75,0.76,0.749
2017-10-19,0.749,0.744,0.752,0.742
2017-10-20,0.744,0.754,0.754,0.741
2017-10-23,0.755,0.763,0.763,0.752
2017-10-24,0.763,0.763,0.764,0.753
2017-10-25,0.76,0.768,0.768,0.759
2017-10-26,0.766,0.765,0.766,0.759
2017-10-27,0.763,0.757,0.764,0.756
2017-10-30,0.755,0.731,0.756,0.729
2017-10-31,0.733,0.735,0.736,0.73
2017-11-01,0.733,0.729,0.737,0.729
2017-11-02,0.727,0.715,0.728,0.715
2017-11-03,0.713,0.71,0.719,0.708
2017-11-06,0.709,0.717,0.718,0.708
2017-11-07,0.719,0.721,0.722,0.712
2017-11-08,0.721,0.726,0.733,0.719
2017-11-09,0.727,0.738,0.738,0.725
2017-11-10,0.738,0.741,0.744,0.733
2017-11-13,0.74,0.74,0.743,0.737
2017-11-14,0.74,0.733,0.743,0.733
2017-11-15,0.736,0.72,0.736,0.718
2017-11-16,0.72,0.719,0.724,0.716
2017-11-17,0.719,0.703,0.72,0.699
2017-11-20,0.703,0.712,0.712,0.69
2017-11-21,0.709,0.712,0.717,0.709
2017-11-22,0.713,0.712,0.721,0.705
2017-11-23,0.71,0.695,0.71,0.692
2017-11-24,0.694,0.692,0.698,0.691
2017-11-27,0.692,0.687,0.697,0.685
2017-11-28,0.687,0.697,0.698,0.685
2017-11-29,0.697,0.696,0.698,0.688
2017-11-30,0.696,0.689,0.697,0.688
2017-12-01,0.689,0.705,0.705,0.689
2017-12-04,0.705,0.696,0.705,0.694
2017-12-05,0.695,0.678,0.697,0.674
2017-12-06,0.679,0.686,0.687,0.672
2017-12-07,0.683,0.685,0.69,0.682
2017-12-08,0.685,0.69,0.696,0.685
2017-12-11,0.692,0.698,0.699,0.692
2017-12-12,0.695,0.692,0.7,0.692
2017-12-13,0.692,0.694,0.695,0.685
2017-12-14,0.695,0.69,0.696,0.686
2017-12-15,0.69,0.688,0.693,0.685
2017-12-18,0.689,0.683,0.691,0.681
2017-12-19,0.682,0.693,0.694,0.682
2017-12-20,0.692,0.682,0.692,0.68
2017-12-21,0.682,0.683,0.686,0.672
2017-12-22,0.682,0.677,0.685,0.675
2017-12-25,0.678,0.666,0.678,0.664
2017-12-26,0.667,0.669,0.67,0.663
2017-12-27,0.668,0.667,0.673,0.666
2017-12-28,0.668,0.668,0.673,0.666
2017-12-29,0.669,0.67,0.671,0.666
2018-01-02,0.674,0.677,0.685,0.672
2018-01-03,0.677,0.686,0.687,0.671
2018-01-04,0.686,0.682,0.686,0.679
2018-01-05,0.681,0.684,0.688,0.681
2018-01-08,0.681,0.682,0.682,0.673
2018-01-09,0.681,0.68,0.683,0.679
2018-01-10,0.68,0.677,0.682,0.672
2018-01-11,0.675,0.682,0.683,0.669
2018-01-12,0.681,0.672,0.681,0.671
2018-01-15,0.67,0.651,0.67,0.649
2018-01-16,0.65,0.648,0.652,0.644
2018-01-17,0.648,0.655,0.658,0.636
2018-01-18,0.652,0.652,0.658,0.65
2018-01-19,0.649,0.649,0.656,0.648
2018-01-22,0.648,0.669,0.67,0.642
2018-01-23,0.665,0.665,0.67,0.661
2018-01-24,0.663,0.69,0.694,0.659
2018-01-25,0.691,0.687,0.708,0.685
2018-01-26,0.687,0.694,0.699,0.686
2018-01-29,0.694,0.692,0.697,0.684
2018-01-30,0.691,0.681,0.693,0.68
2018-01-31,0.677,0.661,0.678,0.66
2018-02-01,0.66,0.646,0.666,0.646
2018-02-02,0.64,0.65,0.659,0.637
2018-02-05,0.638,0.645,0.649,0.637
2018-02-06,0.634,0.607,0.642,0.606
2018-02-07,0.621,0.615,0.625,0.596
2018-02-08,0.615,0.627,0.631,0.614
2018-02-09,0.61,0.606,0.621,0.596
2018-02-12,0.611,0.627,0.629,0.608
2018-02-13,0.63,0.628,0.635,0.625
2018-02-14,0.627,0.624,0.628,0.619
2018-02-22,0.632,0.637,0.639,0.626
2018-02-23,0.637,0.636,0.641,0.631
2018-02-26,0.643,0.663,0.665,0.639
2018-02-27,0.665,0.67,0.678,0.661
2018-02-28,0.663,0.673,0.684,0.661
2018-03-01,0.669,0.687,0.687,0.667
2018-03-02,0.685,0.677,0.694,0.677
2018-03-05,0.681,0.689,0.69,0.676
2018-03-06,0.693,0.688,0.695,0.685
2018-03-07,0.685,0.681,0.688,0.678
2018-03-08,0.68,0.682,0.686,0.678
2018-03-09,0.683,0.714,0.714,0.682
2018-03-12,0.732,0.726,0.734,0.72
2018-03-13,0.723,0.72,0.733,0.716
2018-03-14,0.716,0.71,0.722,0.71
2018-03-15,0.705,0.716,0.717,0.698
2018-03-16,0.714,0.704,0.719,0.702
2018-03-19,0.702,0.712,0.719,0.7
2018-03-20,0.704,0.716,0.719,0.7
2018-03-21,0.716,0.694,0.721,0.693
2018-03-22,0.699,0.695,0.705,0.693
2018-03-23,0.675,0.649,0.679,0.643
2018-03-26,0.64,0.672,0.673,0.638
2018-03-27,0.681,0.701,0.702,0.678
2018-03-28,0.691,0.696,0.706,0.689
2018-03-29,0.701,0.705,0.709,0.697
2018-03-30,0.71,0.727,0.727,0.706
2018-04-02,0.734,0.722,0.736,0.722
2018-04-03,0.711,0.71,0.716,0.7
2018-04-04,0.713,0.694,0.715,0.693
2018-04-09,0.695,0.698,0.708,0.689
2018-04-10,0.696,0.693,0.699,0.683
2018-04-11,0.697,0.693,0.704,0.692
2018-04-12,0.691,0.687,0.698,0.687
2018-04-13,0.693,0.69,0.696,0.687
2018-04-16,0.688,0.695,0.701,0.686
2018-04-17,0.695,0.67,0.698,0.669
2018-04-18,0.674,0.688,0.693,0.66
2018-04-19,0.684,0.684,0.692,0.682
2018-04-20,0.682,0.666,0.686,0.664
2018-04-23,0.666,0.651,0.67,0.642
2018-04-24,0.653,0.677,0.678,0.65
2018-04-25,0.674,0.679,0.682,0.672
2018-04-26,0.679,0.667,0.68,0.665
2018-04-27,0.669,0.671,0.675,0.66
2018-05-02,0.674,0.667,0.68,0.664
2018-05-03,0.668,0.684,0.684,0.656
2018-05-04,0.679,0.674,0.683,0.673
2018-05-07,0.676,0.69,0.693,0.676
2018-05-08,0.691,0.697,0.698,0.688
2018-05-09,0.696,0.697,0.699,0.692
2018-05-10,0.698,0.697,0.701,0.689
2018-05-11,0.698,0.685,0.7,0.685
2018-05-14,0.687,0.683,0.692,0.681
2018-05-15,0.683,0.691,0.691,0.678
2018-05-16,0.688,0.685,0.691,0.683
2018-05-17,0.684,0.677,0.687,0.674
2018-05-18,0.676,0.68,0.682,0.671
2018-05-21,0.687,0.693,0.699,0.687
2018-05-22,0.692,0.694,0.694,0.688
2018-05-23,0.692,0.683,0.693,0.682
2018-05-24,0.682,0.677,0.684,0.676
2018-05-25,0.675,0.661,0.677,0.661
2018-05-28,0.662,0.656,0.664,0.653
2018-05-29,0.657,0.652,0.663,0.652
2018-05-30,0.645,0.631,0.645,0.629
2018-05-31,0.637,0.636,0.64,0.627
2018-06-01,0.633,0.627,0.635,0.622
2018-06-04,0.627,0.626,0.63,0.622
2018-06-05,0.626,0.639,0.64,0.626
2018-06-06,0.637,0.634,0.639,0.631
2018-06-07,0.637,0.629,0.637,0.629
2018-06-08,0.628,0.62,0.628,0.616
2018-06-11,0.619,0.618,0.625,0.617
2018-06-12,0.62,0.626,0.629,0.614
2018-06-13,0.626,0.615,0.626,0.615
2018-06-14,0.614,0.613,0.624,0.61
2018-06-15,0.614,0.598,0.616,0.596
2018-06-19,0.591,0.56,0.592,0.552
2018-06-20,0.557,0.562,0.571,0.554
2018-06-21,0.564,0.546,0.567,0.546
2018-06-22,0.544,0.559,0.562,0.541
2018-06-25,0.565,0.555,0.567,0.554
2018-06-26,0.55,0.569,0.571,0.548
2018-06-27,0.568,0.564,0.571,0.562
2018-06-28,0.564,0.563,0.574,0.56
2018-06-29,0.565,0.586,0.588,0.564
2018-07-02,0.586,0.58,0.591,0.574
2018-07-03,0.581,0.591,0.595,0.572
2018-07-04,0.589,0.574,0.589,0.572
2018-07-05,0.574,0.563,0.582,0.563
2018-07-06,0.564,0.567,0.582,0.561
2018-07-09,0.571,0.579,0.58,0.571
2018-07-10,0.579,0.583,0.584,0.577
2018-07-11,0.572,0.57,0.578,0.563
2018-07-12,0.573,0.594,0.596,0.573
2018-07-13,0.593,0.593,0.596,0.59
2018-07-16,0.593,0.59,0.595,0.587
2018-07-17,0.59,0.593,0.594,0.585
2018-07-18,0.594,0.585,0.598,0.585
2018-07-19,0.586,0.581,0.59,0.579
2018-07-20,0.582,0.589,0.593,0.578
2018-07-23,0.588,0.6,0.6,0.585
2018-07-24,0.601,0.605,0.613,0.597
2018-07-25,0.606,0.605,0.613,0.603
2018-07-26,0.605,0.595,0.607,0.591
2018-07-27,0.593,0.588,0.595,0.588
2018-07-30,0.587,0.576,0.589,0.573
2018-07-31,0.575,0.574,0.58,0.57
2018-08-01,0.575,0.565,0.581,0.565
2018-08-02,0.563,0.551,0.565,0.542
2018-08-03,0.551,0.542,0.554,0.542
2018-08-06,0.541,0.529,0.545,0.526
2018-08-07,0.532,0.545,0.547,0.528
2018-08-08,0.543,0.534,0.545,0.532
2018-08-09,0.531,0.551,0.556,0.531
2018-08-10,0.55,0.553,0.555,0.548
2018-08-13,0.548,0.562,0.563,0.546
2018-08-14,0.56,0.556,0.563,0.554
2018-08-15,0.557,0.539,0.557,0.536
2018-08-16,0.532,0.538,0.546,0.529
2018-08-17,0.543,0.528,0.545,0.526
2018-08-20,0.526,0.533,0.534,0.521
2018-08-21,0.533,0.539,0.542,0.531
2018-08-22,0.538,0.534,0.539,0.532
2018-08-23,0.534,0.539,0.542,0.532
2018-08-24,0.537,0.535,0.539,0.533
2018-08-27,0.537,0.55,0.552,0.536
2018-08-28,0.55,0.55,0.553,0.547
2018-08-29,0.549,0.546,0.551,0.544
2018-08-30,0.547,0.536,0.548,0.535
2018-08-31,0.535,0.528,0.535,0.526
2018-09-03,0.525,0.53,0.532,0.52
2018-09-04,0.529,0.536,0.539,0.526
2018-09-05,0.534,0.527,0.538,0.527
2018-09-06,0.526,0.524,0.533,0.522
2018-09-07,0.526,0.524,0.535,0.52
2018-09-10,0.521,0.502,0.522,0.501
2018-09-11,0.502,0.505,0.509,0.499
2018-09-12,0.505,0.503,0.509,0.501
2018-09-13,0.509,0.506,0.512,0.499
2018-09-14,0.506,0.498,0.509,0.498
2018-09-17,0.496,0.492,0.497,0.49
2018-09-18,0.49,0.5,0.501,0.489
2018-09-19,0.498,0.506,0.511,0.496
2018-09-20,0.505,0.504,0.509,0.503
2018-09-21,0.506,0.514,0.515,0.503
2018-09-25,0.51,0.509,0.513,0.506
2018-09-26,0.51,0.512,0.517,0.506
2018-09-27,0.511,0.502,0.513,0.502
2018-09-28,0.504,0.511,0.511,0.502
2018-10-08,0.5,0.485,0.501,0.485
2018-10-09,0.486,0.481,0.49,0.478
2018-10-10,0.482,0.48,0.485,0.475
2018-10-11,0.463,0.444,0.466,0.44
2018-10-12,0.443,0.447,0.453,0.434
2018-10-15,0.448,0.44,0.453,0.439
2018-10-16,0.44,0.429,0.445,0.427
2018-10-17,0.436,0.435,0.438,0.424
2018-10-18,0.432,0.427,0.435,0.425
2018-10-19,0.422,0.445,0.447,0.42
2018-10-22,0.459,0.475,0.48,0.452
2018-10-23,0.477,0.462,0.478,0.457
2018-10-24,0.46,0.458,0.467,0.454
2018-10-25,0.443,0.454,0.457,0.438
2018-10-26,0.457,0.447,0.46,0.442
2018-10-29,0.446,0.443,0.451,0.439
2018-10-30,0.442,0.45,0.456,0.435
2018-10-31,0.45,0.453,0.458,0.447
2018-11-01,0.46,0.459,0.469,0.458
2018-11-02,0.48,0.485,0.485,0.471
2018-11-05,0.483,0.483,0.493,0.473
2018-11-06,0.48,0.481,0.483,0.473
2018-11-07,0.482,0.481,0.489,0.48
2018-11-08,0.486,0.472,0.488,0.472
2018-11-09,0.469,0.474,0.478,0.467
2018-11-12,0.473,0.493,0.493,0.472
2018-11-13,0.488,0.498,0.503,0.485
2018-11-14,0.496,0.495,0.502,0.494
2018-11-15,0.493,0.503,0.504,0.492
2018-11-16,0.504,0.502,0.508,0.497
2018-11-19,0.5,0.5,0.502,0.494
2018-11-20,0.496,0.484,0.497,0.482
2018-11-21,0.48,0.487,0.488,0.479
2018-11-22,0.487,0.483,0.49,0.481
2018-11-23,0.482,0.463,0.483,0.463
2018-11-26,0.463,0.461,0.467,0.459
2018-11-27,0.466,0.465,0.469,0.462
2018-11-28,0.464,0.475,0.476,0.461
2018-11-29,0.479,0.465,0.481,0.464
2018-11-30,0.463,0.471,0.474,0.461
2018-12-03,0.488,0.489,0.493,0.482
2018-12-04,0.487,0.491,0.491,0.486
2018-12-05,0.484,0.487,0.492,0.481
2018-12-06,0.484,0.472,0.485,0.472
2018-12-07,0.473,0.473,0.476,0.471
2018-12-10,0.468,0.468,0.473,0.466
2018-12-11,0.47,0.473,0.473,0.469
2018-12-12,0.475,0.472,0.477,0.471
2018-12-13,0.474,0.479,0.482,0.47
2018-12-14,0.477,0.465,0.478,0.463
2018-12-17,0.463,0.46,0.464,0.455
2018-12-18,0.456,0.457,0.463,0.453
2018-12-19,0.458,0.447,0.459,0.445
2018-12-20,0.446,0.449,0.452,0.444
2018-12-21,0.447,0.446,0.45,0.442
2018-12-24,0.445,0.452,0.453,0.444
2018-12-25,0.447,0.447,0.45,0.436
2018-12-26,0.446,0.442,0.449,0.441
2018-12-27,0.449,0.436,0.45,0.436
2018-12-28,0.437,0.436,0.44,0.433
2019-01-02,0.437,0.429,0.438,0.428
2019-01-03,0.428,0.425,0.433,0.423
2019-01-04,0.421,0.436,0.436,0.419
2019-01-07,0.438,0.442,0.444,0.435
2019-01-08,0.441,0.441,0.444,0.439
2019-01-09,0.442,0.441,0.45,0.439
2019-01-10,0.44,0.438,0.443,0.437
2019-01-11,0.439,0.439,0.441,0.435
2019-01-14,0.439,0.433,0.44,0.432
2019-01-15,0.432,0.442,0.443,0.431
2019-01-16,0.442,0.442,0.446,0.441
2019-01-17,0.442,0.436,0.443,0.436
2019-01-18,0.437,0.444,0.445,0.436
2019-01-21,0.445,0.448,0.451,0.443
2019-01-22,0.447,0.439,0.447,0.437
2019-01-23,0.438,0.437,0.44,0.436
2019-01-24,0.438,0.444,0.446,0.436
2019-01-25,0.443,0.445,0.449,0.442
2019-01-28,0.448,0.443,0.451,0.442
2019-01-29,0.442,0.437,0.443,0.432
2019-01-30,0.434,0.432,0.439,0.431
2019-01-31,0.432,0.43,0.436,0.428
2019-02-01,0.433,0.449,0.449,0.431
2019-02-11,0.45,0.462,0.463,0.449
2019-02-12,0.462,0.467,0.469,0.461
2019-02-13,0.467,0.477,0.479,0.467
2019-02-14,0.477,0.481,0.484,0.474
2019-02-15,0.479,0.474,0.482,0.474
2019-02-18,0.478,0.499,0.499,0.478
2019-02-19,0.5,0.493,0.503,0.488
2019-02-20,0.493,0.491,0.495,0.484
2019-02-21,0.491,0.493,0.508,0.488
2019-02-22,0.493,0.516,0.518,0.492
2019-02-25,0.53,0.559,0.56,0.528
2019-02-26,0.558,0.549,0.566,0.546
2019-02-27,0.549,0.54,0.555,0.532
2019-02-28,0.54,0.549,0.552,0.539
2019-03-01,0.558,0.562,0.563,0.547
2019-03-04,0.57,0.579,0.597,0.569
2019-03-05,0.575,0.598,0.599,0.571
2019-03-06,0.603,0.609,0.612,0.59
2019-03-07,0.604,0.601,0.614,0.591
2019-03-08,0.579,0.581,0.61,0.575
2019-03-11,0.584,0.605,0.605,0.58
2019-03-12,0.608,0.611,0.621,0.601
2019-03-13,0.611,0.588,0.612,0.582
2019-03-14,0.583,0.584,0.595,0.574
2019-03-15,0.588,0.583,0.593,0.577
2019-03-18,0.583,0.598,0.598,0.575
2019-03-19,0.598,0.595,0.604,0.592
2019-03-20,0.595,0.593,0.597,0.583
2019-03-21,0.593,0.598,0.607,0.591
2019-03-22,0.598,0.595,0.601,0.585
2019-03-25,0.585,0.584,0.596,0.582
2019-03-26,0.588,0.568,0.59,0.567
2019-03-27,0.573,0.571,0.575,0.562
2019-03-28,0.568,0.565,0.578,0.565
2019-03-29,0.569,0.591,0.591,0.565
2019-04-01,0.595,0.616,0.619,0.595
2019-04-02,0.617,0.611,0.624,0.61
2019-04-03,0.609,0.62,0.621,0.606
2019-04-04,0.62,0.615,0.626,0.612
2019-04-08,0.619,0.604,0.622,0.596
2019-04-09,0.6,0.605,0.611,0.598
2019-04-10,0.6,0.599,0.605,0.592
2019-04-11,0.6,0.587,0.602,0.585
2019-04-12,0.586,0.59,0.591,0.584
2019-04-15,0.6,0.578,0.602,0.577
2019-04-16,0.575,0.597,0.598,0.571
2019-04-17,0.595,0.596,0.602,0.593
2019-04-18,0.596,0.591,0.599,0.591
2019-04-19,0.593,0.599,0.599,0.588
2019-04-22,0.599,0.588,0.6,0.585
2019-04-23,0.586,0.582,0.589,0.578
2019-04-24,0.583,0.592,0.593,0.576
2019-04-25,0.589,0.572,0.59,0.571
2019-04-26,0.569,0.571,0.58,0.569
2019-04-29,0.571,0.556,0.573,0.555
2019-04-30,0.556,0.554,0.561,0.55
2019-05-06,0.525,0.509,0.533,0.506
2019-05-07,0.517,0.516,0.521,0.508
2019-05-08,0.505,0.514,0.523,0.504
2019-05-09,0.509,0.506,0.515,0.505
2019-05-10,0.514,0.53,0.531,0.503
2019-05-13,0.522,0.52,0.525,0.516
2019-05-14,0.516,0.519,0.526,0.515
2019-05-15,0.523,0.529,0.531,0.521
2019-05-16,0.529,0.53,0.531,0.523
2019-05-17,0.531,0.511,0.532,0.508
2019-05-20,0.509,0.511,0.514,0.503
2019-05-21,0.511,0.517,0.522,0.509
2019-05-22,0.516,0.516,0.521,0.511
2019-05-23,0.514,0.503,0.514,0.501
2019-05-24,0.502,0.502,0.507,0.5
2019-05-27,0.504,0.515,0.518,0.501
2019-05-28,0.516,0.514,0.518,0.51
2019-05-29,0.512,0.513,0.518,0.511
2019-05-30,0.511,0.507,0.512,0.502
2019-05-31,0.507,0.506,0.513,0.506
2019-06-03,0.508,0.502,0.51,0.499
2019-06-04,0.5,0.497,0.502,0.494
2019-06-05,0.502,0.496,0.503,0.495
2019-06-06,0.496,0.486,0.496,0.484
2019-06-10,0.488,0.491,0.495,0.485
2019-06-11,0.491,0.51,0.511,0.49
2019-06-12,0.508,0.504,0.51,0.503
2019-06-13,0.504,0.506,0.509,0.502
2019-06-14,0.506,0.497,0.509,0.496
2019-06-17,0.497,0.499,0.501,0.495
2019-06-18,0.499,0.5,0.503,0.495
2019-06-19,0.52,0.507,0.521,0.507
2019-06-20,0.507,0.519,0.523,0.505
2019-06-21,0.53,0.531,0.535,0.527
2019-06-24,0.532,0.527,0.532,0.525
2019-06-25,0.526,0.522,0.527,0.514
2019-06-26,0.518,0.525,0.53,0.518
2019-06-27,0.527,0.532,0.535,0.527
2019-06-28,0.531,0.529,0.532,0.524
2019-07-01,0.54,0.548,0.55,0.537
2019-07-02,0.548,0.549,0.553,0.546
2019-07-03,0.548,0.543,0.548,0.54
2019-07-04,0.544,0.539,0.545,0.535
2019-07-05,0.538,0.541,0.542,0.537
2019-07-08,0.539,0.525,0.539,0.519
2019-07-09,0.524,0.527,0.528,0.52
2019-07-10,0.528,0.523,0.529,0.522
2019-07-11,0.528,0.524,0.532,0.522
2019-07-12,0.524,0.526,0.529,0.521
2019-07-15,0.524,0.535,0.539,0.519
2019-07-16,0.533,0.535,0.537,0.532
2019-07-17,0.534,0.537,0.541,0.533
2019-07-18,0.534,0.528,0.535,0.528
2019-07-19,0.53,0.535,0.54,0.53
2019-07-22,0.535,0.525,0.537,0.523
2019-07-23,0.525,0.532,0.532,0.525
2019-07-24,0.533,0.539,0.543,0.532
2019-07-25,0.538,0.543,0.546,0.537
2019-07-26,0.542,0.545,0.545,0.541
2019-07-29,0.545,0.542,0.547,0.541
2019-07-30,0.543,0.55,0.555,0.543
2019-07-31,0.548,0.546,0.55,0.546
2019-08-01,0.543,0.545,0.547,0.541
2019-08-02,0.533,0.538,0.539,0.53
2019-08-05,0.535,0.526,0.541,0.526
2019-08-06,0.516,0.518,0.522,0.506
2019-08-07,0.521,0.516,0.523,0.516
2019-08-08,0.519,0.524,0.526,0.519
2019-08-09,0.527,0.521,0.529,0.52
2019-08-12,0.522,0.532,0.533,0.519
2019-08-13,0.527,0.528,0.531,0.525
2019-08-14,0.536,0.534,0.54,0.533
2019-08-15,0.525,0.541,0.541,0.522
2019-08-16,0.54,0.545,0.551,0.539
2019-08-19,0.551,0.57,0.572,0.55
2019-08-20,0.57,0.565,0.572,0.562
2019-08-21,0.563,0.561,0.565,0.559
2019-08-22,0.563,0.563,0.564,0.557
2019-08-23,0.564,0.565,0.567,0.56
2019-08-26,0.556,0.558,0.562,0.553
2019-08-27,0.562,0.568,0.574,0.561
2019-08-28,0.567,0.564,0.568,0.561
2019-08-29,0.564,0.561,0.567,0.559
2019-08-30,0.566,0.56,0.569,0.556
2019-09-02,0.56,0.579,0.58,0.56
2019-09-03,0.579,0.582,0.582,0.574
2019-09-04,0.58,0.584,0.585,0.577
2019-09-05,0.589,0.593,0.603,0.589
2019-09-06,0.598,0.597,0.599,0.591
2019-09-09,0.604,0.618,0.618,0.6
2019-09-10,0.617,0.613,0.618,0.61
2019-09-11,0.617,0.606,0.619,0.604
2019-09-12,0.609,0.608,0.61,0.603
2019-09-16,0.61,0.608,0.613,0.605
2019-09-17,0.606,0.595,0.607,0.591
2019-09-18,0.595,0.593,0.597,0.589
2019-09-19,0.595,0.602,0.604,0.594
2019-09-20,0.603,0.6,0.606,0.6
2019-09-23,0.598,0.593,0.599,0.587
2019-09-24,0.592,0.6,0.605,0.592
2019-09-25,0.596,0.591,0.597,0.59
2019-09-26,0.592,0.576,0.594,0.575
2019-09-27,0.576,0.582,0.584,0.575
2019-09-30,0.582,0.571,0.585,0.571
2019-10-08,0.573,0.567,0.578,0.567
2019-10-09,0.565,0.57,0.571,0.563
2019-10-10,0.573,0.587,0.588,0.572
2019-10-11,0.587,0.589,0.592,0.582
2019-10-14,0.595,0.593,0.6,0.593
2019-10-15,0.592,0.586,0.593,0.583
2019-10-16,0.587,0.584,0.591,0.583
2019-10-17,0.583,0.585,0.588,0.583
2019-10-18,0.586,0.58,0.591,0.579
2019-10-21,0.58,0.577,0.581,0.571
2019-10-22,0.578,0.586,0.586,0.578
2019-10-23,0.584,0.578,0.586,0.577
2019-10-24,0.578,0.579,0.581,0.574
2019-10-25,0.579,0.587,0.588,0.576
2019-10-28,0.594,0.598,0.599,0.589
2019-10-29,0.597,0.59,0.598,0.589
2019-10-30,0.587,0.59,0.592,0.585
2019-10-31,0.591,0.587,0.594,0.586
2019-11-01,0.586,0.596,0.596,0.586
2019-11-04,0.596,0.599,0.603,0.596
2019-11-05,0.6,0.606,0.608,0.597
2019-11-06,0.605,0.603,0.612,0.601
2019-11-07,0.601,0.606,0.61,0.6
2019-11-08,0.61,0.608,0.615,0.607
2019-11-11,0.605,0.594,0.605,0.593
2019-11-12,0.594,0.591,0.596,0.585
2019-11-13,0.591,0.596,0.598,0.59
2019-11-14,0.597,0.601,0.604,0.596
2019-11-15,0.601,0.597,0.606,0.596
2019-11-18,0.595,0.6,0.601,0.594
2019-11-19,0.601,0.622,0.622,0.6
2019-11-20,0.621,0.618,0.628,0.616
2019-11-21,0.615,0.615,0.62,0.611
2019-11-22,0.617,0.603,0.625,0.6
2019-11-25,0.604,0.599,0.605,0.593
2019-11-26,0.6,0.602,0.606,0.597
2019-11-27,0.602,0.603,0.609,0.596
2019-11-28,0.603,0.603,0.607,0.6
2019-11-29,0.601,0.597,0.602,0.592
2019-12-02,0.6,0.599,0.604,0.598
2019-12-03,0.597,0.603,0.604,0.591
2019-12-04,0.599,0.604,0.609,0.598
2019-12-05,0.607,0.618,0.621,0.605
2019-12-06,0.618,0.625,0.625,0.617
2019-12-09,0.627,0.621,0.628,0.619
2019-12-10,0.619,0.63,0.632,0.618
2019-12-11,0.629,0.624,0.631,0.621
2019-12-12,0.623,0.625,0.63,0.622
2019-12-13,0.631,0.642,0.642,0.629
2019-12-16,0.642,0.649,0.65,0.638
2019-12-17,0.65,0.657,0.662,0.65
2019-12-18,0.657,0.654,0.66,0.652
2019-12-19,0.655,0.654,0.658,0.649
2019-12-20,0.653,0.646,0.657,0.646
2019-12-23,0.643,0.634,0.649,0.633
2019-12-24,0.636,0.649,0.649,0.635
2019-12-25,0.648,0.656,0.657,0.645
2019-12-26,0.654,0.66,0.66,0.652
2019-12-27,0.66,0.649,0.665,0.647
2019-12-30,0.646,0.66,0.66,0.642
2019-12-31,0.658,0.661,0.664,0.657
2020-01-02,0.666,0.673,0.677,0.659
2020-01-03,0.673,0.671,0.677,0.666
2020-01-06,0.666,0.678,0.686,0.666
2020-01-07,0.678,0.686,0.687,0.678
2020-01-08,0.68,0.676,0.688,0.674
2020-01-09,0.684,0.696,0.698,0.684
2020-01-10,0.698,0.695,0.7,0.691
2020-01-13,0.695,0.706,0.706,0.688
2020-01-14,0.708,0.702,0.71,0.701
2020-01-15,0.702,0.701,0.704,0.693
2020-01-16,0.7,0.704,0.706,0.698
2020-01-17,0.705,0.704,0.71,0.701
2020-01-20,0.705,0.724,0.727,0.705
2020-01-21,0.723,0.717,0.728,0.714
2020-01-22,0.713,0.733,0.74,0.703
2020-01-23,0.726,0.711,0.738,0.699
2020-02-03,0.641,0.653,0.675,0.641
2020-02-04,0.66,0.703,0.705,0.66
2020-02-05,0.712,0.725,0.74,0.707
2020-02-06,0.719,0.749,0.753,0.713
2020-02-07,0.748,0.748,0.756,0.733
2020-02-10,0.748,0.759,0.761,0.744
2020-02-11,0.761,0.753,0.763,0.749
2020-02-12,0.751,0.778,0.78,0.749
2020-02-13,0.778,0.77,0.781,0.763
2020-02-14,0.768,0.769,0.785,0.761
2020-02-17,0.781,0.801,0.801,0.78
2020-02-18,0.8,0.807,0.809,0.792
2020-02-19,0.804,0.789,0.806,0.787
2020-02-20,0.79,0.813,0.814,0.787
2020-02-21,0.809,0.828,0.839,0.809
2020-02-24,0.826,0.842,0.846,0.82
2020-02-25,0.826,0.854,0.859,0.805
2020-02-26,0.838,0.811,0.847,0.806
2020-02-27,0.82,0.814,0.832,0.801
2020-02-28,0.785,0.768,0.8,0.765
2020-03-02,0.782,0.791,0.799,0.77
2020-03-03,0.815,0.81,0.837,0.799
2020-03-04,0.804,0.806,0.811,0.785
2020-03-05,0.821,0.816,0.824,0.802
2020-03-06,0.804,0.811,0.821,0.8
2020-03-09,0.801,0.773,0.802,0.771
2020-03-10,0.773,0.799,0.799,0.758
2020-03-11,0.8,0.779,0.803,0.778
2020-03-12,0.767,0.76,0.772,0.751
2020-03-13,0.728,0.757,0.767,0.715
2020-03-16,0.755,0.708,0.757,0.705
2020-03-17,0.722,0.712,0.73,0.685
2020-03-18,0.721,0.699,0.735,0.697
2020-03-19,0.7,0.702,0.708,0.677
2020-03-20,0.71,0.711,0.714,0.695
2020-03-23,0.679,0.677,0.698,0.671
2020-03-24,0.693,0.691,0.695,0.668
2020-03-25,0.708,0.719,0.72,0.707
2020-03-26,0.712,0.718,0.724,0.709
2020-03-27,0.728,0.708,0.73,0.708
2020-03-30,0.699,0.692,0.7,0.679
2020-03-31,0.698,0.69,0.7,0.69
2020-04-01,0.694,0.691,0.706,0.69
2020-04-02,0.689,0.712,0.712,0.687
2020-04-03,0.709,0.706,0.715,0.703
2020-04-07,0.722,0.73,0.731,0.719
2020-04-08,0.725,0.728,0.733,0.724
2020-04-09,0.734,0.737,0.744,0.731
2020-04-10,0.738,0.722,0.74,0.719
2020-04-13,0.717,0.715,0.719,0.709
2020-04-14,0.719,0.739,0.74,0.719
2020-04-15,0.741,0.738,0.748,0.736
2020-04-16,0.734,0.749,0.752,0.733
2020-04-17,0.758,0.756,0.766,0.752
2020-04-20,0.758,0.765,0.766,0.755
2020-04-21,0.761,0.758,0.762,0.745
2020-04-22,0.749,0.761,0.763,0.747
2020-04-23,0.764,0.758,0.766,0.754
2020-04-24,0.756,0.75,0.761,0.743
2020-04-27,0.75,0.758,0.761,0.745
2020-04-28,0.761,0.764,0.772,0.739
2020-04-29,0.761,0.764,0.774,0.76
2020-04-30,0.769,0.782,0.783,0.769
2020-05-06,0.775,0.796,0.798,0.774
2020-05-07,0.797,0.793,0.798,0.79
2020-05-08,0.796,0.799,0.805,0.794
2020-05-11,0.803,0.788,0.805,0.783
2020-05-12,0.789,0.797,0.797,0.783
2020-05-13,0.792,0.803,0.805,0.792
2020-05-14,0.801,0.798,0.805,0.795
2020-05-15,0.8,0.802,0.807,0.794
2020-05-18,0.8,0.794,0.803,0.787
2020-05-19,0.802,0.805,0.806,0.798
2020-05-20,0.805,0.796,0.811,0.793
2020-05-21,0.8,0.792,0.808,0.789
2020-05-22,0.79,0.771,0.791,0.766
2020-05-25,0.769,0.775,0.775,0.766
2020-05-26,0.78,0.798,0.799,0.778
2020-05-27,0.798,0.783,0.799,0.779
2020-05-28,0.783,0.777,0.786,0.763
2020-05-29,0.774,0.785,0.788,0.771
2020-06-01,0.793,0.816,0.818,0.793
2020-06-02,0.818,0.811,0.818,0.805
2020-06-03,0.813,0.807,0.819,0.806
2020-06-04,0.811,0.811,0.814,0.805
2020-06-05,0.81,0.819,0.819,0.807
2020-06-08,0.826,0.812,0.828,0.811
2020-06-09,0.815,0.825,0.828,0.811
2020-06-10,0.827,0.835,0.838,0.826
2020-06-11,0.838,0.84,0.857,0.832
2020-06-12,0.827,0.849,0.852,0.822
2020-06-15,0.847,0.847,0.865,0.846
2020-06-16,0.86,0.865,0.868,0.855
2020-06-17,0.866,0.863,0.869,0.858
2020-06-18,0.863,0.869,0.869,0.856
2020-06-19,0.867,0.892,0.898,0.867
2020-06-22,0.898,0.904,0.913,0.895
2020-06-23,0.903,0.922,0.922,0.9
2020-06-24,0.923,0.921,0.927,0.912
2020-06-29,0.91,0.912,0.919,0.907
2020-06-30,0.919,0.943,0.943,0.919
2020-07-01,0.949,0.932,0.949,0.917
2020-07-02,0.93,0.938,0.94,0.922
2020-07-03,0.937,0.952,0.955,0.929
2020-07-06,0.954,0.983,0.986,0.947
2020-07-07,0.99,1.006,1.038,0.983
2020-07-08,1.01,1.046,1.049,1.0
2020-07-09,1.046,1.075,1.083,1.031
2020-07-10,1.069,1.084,1.095,1.062
2020-07-13,1.089,1.14,1.148,1.089
2020-07-14,1.14,1.124,1.14,1.091
2020-07-15,1.124,1.104,1.142,1.09
2020-07-16,1.099,1.039,1.122,1.031
2020-07-17,1.047,1.042,1.072,1.022
2020-07-20,1.06,1.06,1.068,1.024
2020-07-21,1.064,1.079,1.083,1.056
2020-07-22,1.073,1.093,1.11,1.07
2020-07-23,1.081,1.112,1.113,1.07
2020-07-24,1.099,1.04,1.103,1.032
2020-07-27,1.042,1.04,1.056,1.03
2020-07-28,1.056,1.053,1.063,1.037
2020-07-29,1.048,1.105,1.106,1.047
2020-07-30,1.108,1.092,1.112,1.088
2020-07-31,1.095,1.125,1.128,1.093
2020-08-03,1.138,1.15,1.154,1.121
2020-08-04,1.149,1.135,1.161,1.127
2020-08-05,1.138,1.145,1.155,1.118
2020-08-06,1.15,1.122,1.152,1.105
2020-08-07,1.117,1.096,1.129,1.076
2020-08-10,1.088,1.085,1.098,1.067
2020-08-11,1.089,1.065,1.105,1.064
2020-08-12,1.066,1.046,1.071,1.021
2020-08-13,1.054,1.038,1.057,1.033
2020-08-14,1.038,1.061,1.062,1.037
2020-08-17,1.065,1.071,1.071,1.049
2020-08-18,1.071,1.069,1.083,1.064
2020-08-19,1.068,1.028,1.069,1.027
2020-08-20,1.019,1.023,1.038,1.015
2020-08-21,1.033,1.043,1.046,1.03
2020-08-24,1.053,1.06,1.071,1.02
2020-08-25,1.06,1.07,1.088,1.06
2020-08-26,1.07,1.043,1.077,1.041
2020-08-27,1.051,1.068,1.073,1.043
2020-08-28,1.063,1.093,1.097,1.06
2020-08-31,1.097,1.08,1.102,1.078
2020-09-01,1.074,1.088,1.088,1.067
2020-09-02,1.088,1.09,1.1,1.077
2020-09-03,1.09,1.085,1.104,1.08
2020-09-04,1.064,1.079,1.085,1.06
2020-09-07,1.075,1.041,1.085,1.036
2020-09-08,1.044,1.05,1.053,1.032
2020-09-09,1.03,0.995,1.034,0.986
2020-09-10,1.006,0.98,1.013,0.977
2020-09-11,0.977,1.002,1.005,0.971
2020-09-14,1.015,1.018,1.032,1.008
2020-09-15,1.02,1.027,1.03,1.014
2020-09-16,1.027,1.013,1.029,1.006
2020-09-17,1.012,1.014,1.026,1.0
2020-09-18,1.015,1.033,1.035,1.007
2020-09-21,1.036,1.021,1.038,1.019
2020-09-22,1.016,1.018,1.035,1.015
2020-09-23,1.022,1.037,1.042,1.014
2020-09-24,1.027,1.014,1.032,1.012
2020-09-25,1.018,1.017,1.029,1.01
2020-09-28,1.02,1.01,1.024,1.008
2020-09-29,1.016,1.025,1.032,1.009
2020-09-30,1.03,1.033,1.045,1.026
2020-10-09,1.057,1.08,1.082,1.055
2020-10-12,1.09,1.12,1.122,1.088
2020-10-13,1.118,1.122,1.128,1.11
2020-10-14,1.12,1.117,1.128,1.113
2020-10-15,1.119,1.11,1.122,1.107
2020-10-16,1.107,1.101,1.115,1.089
2020-10-19,1.11,1.089,1.113,1.085
2020-10-20,1.089,1.113,1.114,1.086
2020-10-21,1.115,1.098,1.116,1.09
2020-10-22,1.09,1.085,1.091,1.073
2020-10-23,1.085,1.055,1.097,1.047
2020-10-26,1.047,1.058,1.064,1.03
2020-10-27,1.056,1.075,1.076,1.056
2020-10-28,1.07,1.085,1.092,1.065
2020-10-29,1.071,1.101,1.107,1.07
2020-10-30,1.101,1.084,1.107,1.08
2020-11-02,1.09,1.109,1.115,1.088
2020-11-03,1.114,1.123,1.128,1.104
2020-11-04,1.123,1.128,1.133,1.118
2020-11-05,1.143,1.147,1.15,1.127
2020-11-06,1.149,1.126,1.151,1.114
2020-11-09,1.135,1.164,1.174,1.134
2020-11-10,1.163,1.145,1.163,1.139
2020-11-11,1.137,1.107,1.143,1.105
2020-11-12,1.112,1.113,1.122,1.107
2020-11-13,1.107,1.114,1.12,1.104
2020-11-16,1.119,1.118,1.119,1.1
2020-11-17,1.117,1.092,1.117,1.076
2020-11-18,1.092,1.072,1.1,1.07
2020-11-19,1.067,1.082,1.083,1.061
2020-11-20,1.08,1.09,1.096,1.08
2020-11-23,1.093,1.102,1.112,1.085
2020-11-24,1.103,1.097,1.11,1.093
2020-11-25,1.098,1.073,1.1,1.071
2020-11-26,1.073,1.069,1.078,1.056
2020-11-27,1.069,1.073,1.08,1.06
2020-11-30,1.077,1.081,1.09,1.063
2020-12-01,1.079,1.109,1.11,1.077
2020-12-02,1.113,1.102,1.114,1.092
2020-12-03,1.096,1.112,1.117,1.094
2020-12-04,1.107,1.121,1.123,1.104
2020-12-07,1.115,1.114,1.123,1.111
2020-12-08,1.117,1.126,1.131,1.117
2020-12-09,1.127,1.104,1.136,1.103
2020-12-10,1.1,1.116,1.124,1.097
2020-12-11,1.118,1.106,1.123,1.096
2020-12-14,1.11,1.12,1.121,1.1
2020-12-15,1.12,1.139,1.141,1.118
2020-12-16,1.14,1.14,1.145,1.127
2020-12-17,1.138,1.154,1.155,1.132
2020-12-18,1.151,1.158,1.165,1.146
2020-12-21,1.158,1.199,1.2,1.156
2020-12-22,1.193,1.175,1.209,1.172
2020-12-23,1.176,1.187,1.199,1.171
2020-12-24,1.183,1.179,1.189,1.173
2020-12-25,1.175,1.192,1.192,1.169
2020-12-28,1.192,1.187,1.201,1.182
2020-12-29,1.185,1.173,1.192,1.165
2020-12-30,1.18,1.216,1.221,1.179
2020-12-31,1.222,1.247,1.25,1.221
2021-01-04,1.246,1.293,1.305,1.246
2021-01-05,1.284,1.297,1.302,1.265
2021-01-06,1.306,1.31,1.321,1.283
2021-01-07,1.31,1.336,1.336,1.3
2021-01-08,1.345,1.328,1.353,1.313
2021-01-11,1.335,1.306,1.337,1.293
2021-01-12,1.299,1.35,1.352,1.29
2021-01-13,1.348,1.332,1.368,1.318
2021-01-14,1.318,1.309,1.337,1.299
2021-01-15,1.305,1.314,1.323,1.279
2021-01-18,1.306,1.342,1.35,1.297
2021-01-19,1.34,1.309,1.345,1.303
2021-01-20,1.319,1.368,1.368,1.315
2021-01-21,1.369,1.404,1.412,1.367
2021-01-22,1.4,1.433,1.441,1.398
2021-01-25,1.435,1.43,1.467,1.419
2021-01-26,1.42,1.386,1.422,1.383
2021-01-27,1.389,1.404,1.408,1.357
2021-01-28,1.377,1.352,1.384,1.346
2021-01-29,1.364,1.33,1.372,1.3
2021-02-01,1.33,1.347,1.358,1.326
2021-02-02,1.351,1.379,1.382,1.331
2021-02-03,1.388,1.382,1.404,1.378
2021-02-04,1.373,1.378,1.395,1.357
2021-02-05,1.387,1.377,1.4,1.372
2021-02-08,1.378,1.417,1.418,1.359
2021-02-09,1.422,1.442,1.445,1.414
2021-02-10,1.447,1.476,1.487,1.432
2021-02-18,1.506,1.428,1.509,1.42
2021-02-19,1.416,1.406,1.424,1.369
2021-02-22,1.404,1.342,1.406,1.338
2021-02-23,1.328,1.334,1.353,1.321
2021-02-24,1.335,1.284,1.337,1.265
2021-02-25,1.295,1.269,1.299,1.262
2021-02-26,1.242,1.241,1.261,1.226
2021-03-01,1.258,1.282,1.282,1.25
2021-03-02,1.289,1.263,1.293,1.252
2021-03-03,1.257,1.28,1.28,1.25
2021-03-04,1.261,1.206,1.263,1.201
2021-03-05,1.186,1.214,1.227,1.181
2021-03-08,1.222,1.151,1.231,1.148
2021-03-09,1.147,1.11,1.156,1.098
2021-03-10,1.138,1.135,1.152,1.127
2021-03-11,1.134,1.169,1.179,1.134
2021-03-12,1.178,1.178,1.182,1.156
2021-03-15,1.169,1.121,1.17,1.107
2021-03-16,1.128,1.131,1.136,1.112
2021-03-17,1.122,1.144,1.152,1.112
2021-03-18,1.153,1.166,1.173,1.149
2021-03-19,1.139,1.128,1.155,1.119
2021-03-22,1.13,1.14,1.155,1.123
2021-03-23,1.134,1.125,1.142,1.111
2021-03-24,1.12,1.11,1.13,1.104
2021-03-25,1.099,1.116,1.122,1.092
2021-03-26,1.122,1.158,1.16,1.119
2021-03-29,1.156,1.15,1.166,1.142
2021-03-30,1.143,1.168,1.172,1.143
2021-03-31,1.166,1.166,1.173,1.152
2021-04-01,1.168,1.189,1.192,1.166
2021-04-02,1.194,1.207,1.214,1.19
2021-04-06,1.21,1.197,1.216,1.187
2021-04-07,1.202,1.185,1.202,1.168
2021-04-08,1.176,1.192,1.197,1.172
2021-04-09,1.19,1.172,1.192,1.166
2021-04-12,1.17,1.144,1.186,1.139
2021-04-13,1.139,1.157,1.174,1.139
2021-04-14,1.158,1.187,1.19,1.158
2021-04-15,1.18,1.183,1.183,1.166
2021-04-16,1.187,1.175,1.188,1.157
2021-04-19,1.172,1.232,1.233,1.167
2021-04-20,1.225,1.226,1.24,1.215
2021-04-21,1.214,1.237,1.24,1.214
2021-04-22,1.247,1.248,1.255,1.231
2021-04-23,1.244,1.28,1.286,1.244
2021-04-26,1.29,1.267,1.312,1.265
2021-04-27,1.264,1.278,1.28,1.26
2021-04-28,1.278,1.312,1.314,1.277
2021-04-29,1.313,1.315,1.321,1.294
2021-04-30,1.306,1.336,1.345,1.302
2021-05-06,1.325,1.298,1.325,1.274
2021-05-07,1.299,1.251,1.307,1.25
2021-05-10,1.255,1.263,1.276,1.246
2021-05-11,1.248,1.257,1.262,1.227
2021-05-12,1.251,1.271,1.275,1.238
2021-05-13,1.254,1.265,1.275,1.25
2021-05-14,1.27,1.306,1.31,1.264
2021-05-17,1.314,1.346,1.355,1.312
2021-05-18,1.345,1.337,1.358,1.326
2021-05-19,1.331,1.35,1.358,1.329
2021-05-20,1.35,1.36,1.368,1.346
2021-05-21,1.369,1.346,1.373,1.335
2021-05-24,1.348,1.359,1.36,1.33
2021-05-25,1.366,1.398,1.401,1.362
2021-05-26,1.397,1.385,1.398,1.376
2021-05-27,1.382,1.396,1.403,1.371
2021-05-28,1.395,1.403,1.43,1.394
2021-05-31,1.408,1.443,1.446,1.408
2021-06-01,1.435,1.439,1.442,1.411
2021-06-02,1.441,1.408,1.445,1.403
2021-06-03,1.409,1.391,1.417,1.389
2021-06-04,1.384,1.41,1.43,1.381
2021-06-07,1.408,1.4,1.408,1.385
2021-06-08,1.399,1.388,1.423,1.379
2021-06-09,1.385,1.389,1.397,1.377
2021-06-10,1.389,1.429,1.437,1.389
2021-06-11,1.436,1.439,1.447,1.419
2021-06-15,1.438,1.422,1.442,1.41
2021-06-16,1.418,1.357,1.422,1.357
2021-06-17,1.353,1.39,1.391,1.353
2021-06-18,1.393,1.418,1.426,1.393
2021-06-21,1.415,1.429,1.44,1.4
2021-06-22,1.431,1.436,1.442,1.406
2021-06-23,1.438,1.454,1.466,1.429
2021-06-24,1.457,1.434,1.459,1.427
2021-06-25,1.439,1.469,1.475,1.437
2021-06-28,1.471,1.503,1.509,1.467
2021-06-29,1.518,1.503,1.521,1.494
2021-06-30,1.506,1.54,1.543,1.493
2021-07-01,1.54,1.527,1.552,1.516
2021-07-02,1.52,1.476,1.52,1.475
2021-07-05,1.471,1.485,1.503,1.469
2021-07-06,1.49,1.458,1.497,1.433
2021-07-07,1.447,1.517,1.52,1.442
2021-07-08,1.526,1.523,1.547,1.517
2021-07-09,1.514,1.516,1.527,1.481
2021-07-12,1.537,1.575,1.584,1.525
2021-07-13,1.568,1.558,1.585,1.541
2021-07-14,1.552,1.547,1.573,1.53
2021-07-15,1.541,1.573,1.573,1.53
2021-07-16,1.57,1.521,1.57,1.518
2021-07-19,1.521,1.529,1.548,1.514
2021-07-20,1.517,1.536,1.549,1.516
2021-07-21,1.541,1.585,1.594,1.541
2021-07-22,1.593,1.582,1.597,1.565
2021-07-23,1.576,1.545,1.579,1.54
2021-07-26,1.533,1.491,1.541,1.456
2021-07-27,1.491,1.43,1.518,1.428
2021-07-28,1.415,1.453,1.465,1.393
2021-07-29,1.495,1.542,1.545,1.475
2021-07-30,1.537,1.528,1.549,1.51
2021-08-02,1.53,1.543,1.55,1.502
2021-08-03,1.542,1.533,1.554,1.522
2021-08-04,1.528,1.577,1.58,1.52
2021-08-05,1.572,1.563,1.582,1.545
2021-08-06,1.568,1.55,1.576,1.539
2021-08-09,1.534,1.527,1.534,1.501
2021-08-10,1.524,1.526,1.53,1.503
2021-08-11,1.525,1.513,1.529,1.505
2021-08-12,1.504,1.49,1.512,1.483
2021-08-13,1.475,1.469,1.513,1.461
2021-08-16,1.463,1.445,1.467,1.437
2021-08-17,1.445,1.413,1.456,1.406
2021-08-18,1.416,1.424,1.434,1.41
2021-08-19,1.423,1.436,1.449,1.415
2021-08-20,1.427,1.394,1.428,1.376
2021-08-23,1.398,1.439,1.44,1.394
2021-08-24,1.441,1.458,1.47,1.43
2021-08-25,1.456,1.469,1.469,1.441
2021-08-26,1.475,1.434,1.481,1.429
2021-08-27,1.427,1.429,1.447,1.42
2021-08-30,1.435,1.431,1.456,1.422
2021-08-31,1.434,1.41,1.436,1.391
2021-09-01,1.412,1.399,1.417,1.371
2021-09-02,1.396,1.379,1.407,1.375
2021-09-03,1.38,1.361,1.391,1.353
2021-09-06,1.363,1.424,1.424,1.353
2021-09-07,1.418,1.437,1.437,1.409
2021-09-08,1.436,1.421,1.451,1.419
2021-09-09,1.42,1.426,1.435,1.401
2021-09-10,1.423,1.432,1.433,1.406
2021-09-13,1.425,1.414,1.445,1.407
2021-09-14,1.414,1.436,1.455,1.413
2021-09-15,1.434,1.417,1.436,1.41
2021-09-16,1.415,1.387,1.419,1.382
2021-09-17,1.382,1.416,1.42,1.38
2021-09-22,1.396,1.405,1.419,1.395
2021-09-23,1.414,1.41,1.424,1.4
2021-09-24,1.407,1.419,1.44,1.401
2021-09-27,1.424,1.433,1.452,1.419
2021-09-28,1.428,1.42,1.451,1.416
2021-09-29,1.403,1.403,1.422,1.4
2021-09-30,1.408,1.44,1.444,1.408
2021-10-08,1.45,1.436,1.456,1.424
2021-10-11,1.434,1.41,1.44,1.407
2021-10-12,1.41,1.382,1.412,1.367
2021-10-13,1.381,1.416,1.416,1.378
2021-10-14,1.41,1.415,1.426,1.41
2021-10-15,1.412,1.45,1.453,1.401
2021-10-18,1.453,1.454,1.454,1.428
2021-10-19,1.459,1.462,1.472,1.451
2021-10-20,1.46,1.455,1.474,1.45
2021-10-21,1.454,1.453,1.465,1.443
2021-10-22,1.459,1.462,1.469,1.449
2021-10-25,1.458,1.485,1.49,1.458
2021-10-26,1.499,1.483,1.503,1.478
2021-10-27,1.478,1.476,1.482,1.463
2021-10-28,1.474,1.466,1.495,1.46
2021-10-29,1.467,1.505,1.505,1.451
2021-11-01,1.495,1.489,1.511,1.473
2021-11-02,1.489,1.49,1.506,1.475
2021-11-03,1.483,1.481,1.502,1.467
2021-11-04,1.489,1.496,1.506,1.487
2021-11-05,1.491,1.496,1.507,1.489
2021-11-08,1.49,1.512,1.518,1.489
2021-11-09,1.514,1.524,1.524,1.506
2021-11-10,1.512,1.524,1.524,1.487
2021-11-11,1.514,1.535,1.54,1.514
2021-11-12,1.534,1.529,1.541,1.519
2021-11-15,1.528,1.512,1.529,1.505
2021-11-16,1.509,1.508,1.522,1.505
2021-11-17,1.514,1.522,1.526,1.513
2021-11-18,1.519,1.501,1.52,1.497
2021-11-19,1.504,1.52,1.52,1.5
2021-11-22,1.526,1.565,1.566,1.523
2021-11-23,1.561,1.559,1.564,1.551
2021-11-24,1.558,1.549,1.563,1.545
2021-11-25,1.55,1.548,1.556,1.542
2021-11-26,1.548,1.55,1.564,1.543
2021-11-29,1.54,1.564,1.575,1.539
2021-11-30,1.572,1.558,1.573,1.55
2021-12-01,1.557,1.544,1.562,1.54
2021-12-02,1.54,1.549,1.554,1.538
2021-12-03,1.548,1.551,1.556,1.535
2021-12-06,1.544,1.517,1.553,1.514
2021-12-07,1.525,1.5,1.527,1.482
2021-12-08,1.501,1.523,1.524,1.498
2021-12-09,1.517,1.538,1.54,1.509
2021-12-10,1.528,1.548,1.55,1.525
2021-12-13,1.543,1.556,1.562,1.536
2021-12-14,1.55,1.553,1.559,1.549
2021-12-15,1.547,1.539,1.566,1.537
2021-12-16,1.546,1.553,1.553,1.541
2021-12-17,1.549,1.527,1.551,1.521
2021-12-20,1.518,1.48,1.526,1.474
2021-12-21,1.476,1.481,1.486,1.461
2021-12-22,1.484,1.486,1.493,1.48
2021-12-23,1.492,1.489,1.501,1.482
2021-12-24,1.49,1.454,1.495,1.442
2021-12-27,1.449,1.451,1.461,1.44
2021-12-28,1.452,1.468,1.469,1.443
2021-12-29,1.468,1.445,1.468,1.443
2021-12-30,1.443,1.462,1.471,1.442
2021-12-31,1.472,1.462,1.477,1.457
2022-01-04,1.473,1.421,1.474,1.414
2022-01-05,1.417,1.378,1.418,1.37
2022-01-06,1.368,1.362,1.374,1.344
2022-01-07,1.363,1.349,1.369,1.342
2022-01-10,1.347,1.341,1.355,1.325
2022-01-11,1.34,1.327,1.347,1.325
2022-01-12,1.341,1.366,1.367,1.34
2022-01-13,1.368,1.346,1.372,1.346
2022-01-14,1.333,1.359,1.365,1.331
2022-01-17,1.351,1.386,1.386,1.351
2022-01-18,1.381,1.371,1.387,1.368
2022-01-19,1.369,1.34,1.373,1.327
2022-01-20,1.337,1.339,1.351,1.331
2022-01-21,1.33,1.327,1.343,1.319
2022-01-24,1.316,1.339,1.346,1.316
2022-01-25,1.329,1.307,1.34,1.305
2022-01-26,1.314,1.32,1.323,1.296
2022-01-27,1.313,1.278,1.317,1.274
2022-01-28,1.293,1.276,1.3,1.265
2022-02-07,1.305,1.28,1.316,1.272
2022-02-08,1.28,1.24,1.28,1.211
2022-02-09,1.236,1.254,1.258,1.223
2022-02-10,1.26,1.227,1.263,1.21
2022-02-11,1.214,1.186,1.22,1.184
2022-02-14,1.175,1.181,1.202,1.171
2022-02-15,1.181,1.221,1.222,1.181
2022-02-16,1.223,1.223,1.236,1.218
2022-02-17,1.219,1.234,1.247,1.215
2022-02-18,1.225,1.228,1.231,1.216
2022-02-21,1.224,1.21,1.228,1.206
2022-02-22,1.197,1.196,1.201,1.184
2022-02-23,1.2,1.235,1.235,1.197
2022-02-24,1.222,1.209,1.24,1.192
2022-02-25,1.229,1.244,1.257,1.227
2022-02-28,1.244,1.253,1.254,1.233
2022-03-01,1.261,1.253,1.265,1.244
2022-03-02,1.246,1.229,1.247,1.219
2022-03-03,1.236,1.21,1.238,1.209
2022-03-04,1.2,1.184,1.21,1.18
2022-03-07,1.173,1.131,1.173,1.127
2022-03-08,1.131,1.116,1.143,1.107
2022-03-09,1.121,1.109,1.141,1.063
2022-03-10,1.139,1.139,1.154,1.131
2022-03-11,1.121,1.151,1.155,1.105
2022-03-14,1.134,1.11,1.143,1.108
2022-03-15,1.094,1.086,1.135,1.085
2022-03-16,1.102,1.15,1.152,1.079
2022-03-17,1.172,1.186,1.209,1.167
2022-03-18,1.176,1.19,1.192,1.162
2022-03-21,1.19,1.185,1.205,1.177
2022-03-22,1.183,1.169,1.183,1.164
2022-03-23,1.179,1.182,1.186,1.168
2022-03-24,1.17,1.179,1.19,1.154
2022-03-25,1.177,1.149,1.184,1.149
2022-03-28,1.139,1.125,1.142,1.116
2022-03-29,1.129,1.124,1.144,1.117
2022-03-30,1.132,1.177,1.177,1.132
2022-03-31,1.168,1.161,1.171,1.152
2022-04-01,1.147,1.163,1.173,1.147
2022-04-06,1.16,1.147,1.162,1.138
2022-04-07,1.138,1.125,1.146,1.123
2022-04-08,1.124,1.127,1.143,1.115
2022-04-11,1.112,1.074,1.113,1.071
2022-04-12,1.072,1.1,1.102,1.072
2022-04-13,1.09,1.081,1.1,1.079
2022-04-14,1.092,1.077,1.096,1.067
2022-04-15,1.062,1.074,1.085,1.053
2022-04-18,1.059,1.083,1.084,1.05
2022-04-19,1.077,1.065,1.093,1.061
2022-04-20,1.061,1.019,1.063,1.015
2022-04-21,1.009,0.999,1.026,0.993
2022-04-22,0.995,0.995,1.007,0.989
2022-04-25,0.97,0.939,0.979,0.937
2022-04-26,0.939,0.934,0.959,0.93
2022-04-27,0.923,0.987,0.988,0.918
2022-04-28,0.974,0.967,0.986,0.958
2022-04-29,0.974,1.013,1.015,0.962
2022-05-05,0.991,0.992,1.008,0.973
2022-05-06,0.969,0.972,0.987,0.965
2022-05-09,0.968,0.962,0.98,0.956
2022-05-10,0.949,0.988,0.992,0.945
2022-05-11,0.987,1.023,1.048,0.985
2022-05-12,1.013,1.023,1.037,1.013
2022-05-13,1.03,1.029,1.038,1.019
2022-05-16,1.035,1.017,1.049,1.016
2022-05-17,1.019,1.038,1.04,1.013
2022-05-18,1.038,1.033,1.043,1.029
2022-05-19,1.018,1.043,1.043,1.017
2022-05-20,1.052,1.06,1.065,1.044
2022-05-23,1.063,1.053,1.064,1.042
2022-05-24,1.05,1.015,1.051,1.014
2022-05-25,1.014,1.016,1.022,1.007
2022-05-26,1.016,1.01,1.023,0.995
2022-05-27,1.02,1.012,1.038,1.006
2022-05-30,1.021,1.023,1.029,1.011
2022-05-31,1.023,1.048,1.051,1.009
2022-06-01,1.046,1.059,1.066,1.042
2022-06-02,1.054,1.075,1.078,1.052
2022-06-06,1.076,1.123,1.126,1.073
2022-06-07,1.123,1.12,1.133,1.11
2022-06-08,1.122,1.128,1.131,1.097
2022-06-09,1.12,1.094,1.123,1.091
2022-06-10,1.086,1.123,1.124,1.085
2022-06-13,1.111,1.112,1.124,1.102
2022-06-14,1.102,1.112,1.119,1.074
2022-06-15,1.12,1.13,1.16,1.116
2022-06-16,1.133,1.13,1.148,1.127
2022-06-17,1.117,1.169,1.174,1.117
2022-06-20,1.175,1.195,1.212,1.175
2022-06-21,1.193,1.187,1.201,1.173
2022-06-22,1.187,1.178,1.204,1.178
2022-06-23,1.182,1.223,1.223,1.178
2022-06-24,1.233,1.25,1.252,1.218
2022-06-27,1.26,1.246,1.267,1.242
2022-06-28,1.244,1.251,1.258,1.217
2022-06-29,1.242,1.22,1.255,1.216
2022-06-30,1.222,1.242,1.251,1.221
2022-07-01,1.242,1.23,1.247,1.22
2022-07-04,1.22,1.248,1.249,1.21
2022-07-05,1.253,1.242,1.263,1.222
2022-07-06,1.243,1.235,1.261,1.222
2022-07-07,1.236,1.264,1.264,1.231
2022-07-08,1.265,1.238,1.28,1.238
2022-07-11,1.233,1.218,1.235,1.206
2022-07-12,1.218,1.188,1.222,1.184
2022-07-13,1.19,1.212,1.219,1.175
2022-07-14,1.205,1.249,1.259,1.201
2022-07-15,1.243,1.218,1.255,1.218
2022-07-18,1.224,1.24,1.247,1.208
2022-07-19,1.238,1.21,1.239,1.205
2022-07-20,1.217,1.214,1.227,1.21
2022-07-21,1.211,1.207,1.229,1.202
2022-07-22,1.223,1.202,1.228,1.194
2022-07-25,1.199,1.196,1.205,1.184
2022-07-26,1.19,1.194,1.202,1.18
2022-07-27,1.191,1.194,1.203,1.184
2022-07-28,1.203,1.189,1.209,1.187
2022-07-29,1.195,1.17,1.198,1.17
2022-08-01,1.165,1.204,1.206,1.158
2022-08-02,1.19,1.181,1.197,1.17
2022-08-03,1.182,1.154,1.198,1.148
2022-08-04,1.159,1.162,1.167,1.146
2022-08-05,1.162,1.176,1.179,1.157
2022-08-08,1.17,1.174,1.174,1.158
2022-08-09,1.169,1.185,1.188,1.164
2022-08-10,1.181,1.167,1.183,1.161
2022-08-11,1.172,1.197,1.199,1.161
2022-08-12,1.191,1.183,1.196,1.181
2022-08-15,1.179,1.198,1.208,1.177
2022-08-16,1.2,1.204,1.219,1.197
2022-08-17,1.205,1.231,1.233,1.198
2022-08-18,1.227,1.227,1.241,1.225
2022-08-19,1.229,1.209,1.231,1.207
2022-08-22,1.205,1.23,1.231,1.197
2022-08-23,1.228,1.231,1.243,1.222
2022-08-24,1.242,1.185,1.246,1.182
2022-08-25,1.184,1.178,1.19,1.16
2022-08-26,1.174,1.162,1.181,1.16
2022-08-29,1.143,1.155,1.16,1.143
2022-08-30,1.153,1.147,1.156,1.137
2022-08-31,1.141,1.123,1.144,1.115
2022-09-01,1.121,1.108,1.133,1.106
2022-09-02,1.112,1.106,1.116,1.097
2022-09-05,1.102,1.112,1.115,1.099
2022-09-06,1.112,1.109,1.112,1.085
2022-09-07,1.101,1.123,1.131,1.098
2022-09-08,1.121,1.101,1.125,1.101
2022-09-09,1.103,1.114,1.116,1.102
2022-09-13,1.121,1.114,1.123,1.107
2022-09-14,1.1,1.089,1.104,1.081
2022-09-15,1.09,1.053,1.094,1.046
2022-09-16,1.046,1.025,1.055,1.024
2022-09-19,1.021,1.019,1.035,1.013
2022-09-20,1.026,1.03,1.044,1.021
2022-09-21,1.023,1.015,1.026,1.011
2022-09-22,1.007,1.011,1.021,0.999
2022-09-23,1.006,1.003,1.018,0.991
2022-09-26,0.995,1.015,1.031,0.993
2022-09-27,1.017,1.036,1.036,1.015
2022-09-28,1.029,1.008,1.031,1.007
2022-09-29,1.019,1.018,1.027,1.011
2022-09-30,1.012,0.995,1.02,0.995
2022-10-10,0.991,0.972,1.002,0.969
2022-10-11,0.98,0.987,0.992,0.977
2022-10-12,0.983,1.028,1.029,0.976
2022-10-13,1.019,1.028,1.041,1.016
2022-10-14,1.041,1.067,1.076,1.033
2022-10-17,1.06,1.062,1.07,1.051
2022-10-18,1.068,1.066,1.08,1.06
2022-10-19,1.065,1.062,1.079,1.06
2022-10-20,1.05,1.049,1.068,1.032
2022-10-21,1.047,1.046,1.053,1.038
2022-10-24,1.044,1.017,1.051,1.011
2022-10-25,1.011,1.007,1.023,0.993
2022-10-26,1.012,1.033,1.045,1.009
2022-10-27,1.035,1.015,1.039,1.015
2022-10-28,1.007,0.978,1.01,0.972
2022-10-31,0.968,0.983,0.998,0.965
2022-11-01,0.986,1.017,1.018,0.977
2022-11-02,1.012,1.037,1.044,1.009
2022-11-03,1.028,1.035,1.039,1.024
2022-11-04,1.033,1.073,1.077,1.032
2022-11-07,1.07,1.072,1.081,1.062
2022-11-08,1.072,1.065,1.078,1.054
2022-11-09,1.064,1.045,1.064,1.045
2022-11-10,1.04,1.027,1.045,1.02
2022-11-11,1.065,1.053,1.072,1.051
2022-11-14,1.054,1.037,1.061,1.033
2022-11-15,1.037,1.068,1.068,1.028
2022-11-16,1.063,1.051,1.07,1.049
2022-11-17,1.044,1.041,1.045,1.025
2022-11-18,1.042,1.045,1.057,1.037
2022-11-21,1.034,1.042,1.044,1.03
2022-11-22,1.04,1.024,1.041,1.018
2022-11-23,1.022,1.023,1.032,1.007
2022-11-24,1.029,1.022,1.032,1.018
2022-11-25,1.018,1.01,1.02,1.008
2022-11-28,0.997,1.005,1.006,0.988
2022-11-29,1.002,1.022,1.027,1.001
2022-11-30,1.019,1.021,1.026,1.013
2022-12-01,1.044,1.04,1.054,1.04
2022-12-02,1.037,1.042,1.053,1.036
2022-12-05,1.049,1.04,1.05,1.033
2022-12-06,1.035,1.046,1.055,1.033
2022-12-07,1.04,1.059,1.065,1.039
2022-12-08,1.056,1.06,1.065,1.051
2022-12-09,1.059,1.064,1.064,1.049
2022-12-12,1.06,1.05,1.062,1.05
2022-12-13,1.05,1.039,1.053,1.036
2022-12-14,1.04,1.035,1.046,1.032
2022-12-15,1.033,1.053,1.054,1.03
2022-12-16,1.044,1.039,1.05,1.033
2022-12-19,1.039,1.027,1.05,1.025
2022-12-20,1.025,1.015,1.027,1.012
2022-12-21,1.017,1.012,1.019,1.006
2022-12-22,1.017,1.005,1.021,1.002
2022-12-23,1.0,1.001,1.008,0.995
2022-12-26,1.001,1.023,1.024,1.0
2022-12-27,1.025,1.034,1.038,1.018
2022-12-28,1.026,1.024,1.029,1.016
2022-12-29,1.018,1.029,1.038,1.017
2022-12-30,1.036,1.029,1.039,1.028
2023-01-03,1.027,1.029,1.031,1.01
2023-01-04,1.023,1.017,1.026,1.012
2023-01-05,1.022,1.053,1.055,1.02
2023-01-06,1.049,1.065,1.074,1.046
2023-01-09,1.07,1.071,1.083,1.067
2023-01-10,1.07,1.091,1.094,1.069
2023-01-11,1.095,1.08,1.096,1.075
2023-01-12,1.083,1.084,1.094,1.079
2023-01-13,1.091,1.096,1.096,1.084
2023-01-16,1.1,1.12,1.133,1.097
2023-01-17,1.125,1.123,1.128,1.118
2023-01-18,1.127,1.121,1.129,1.117
2023-01-19,1.12,1.136,1.136,1.116
2023-01-20,1.138,1.141,1.143,1.132
2023-01-30,1.178,1.152,1.179,1.152
2023-01-31,1.153,1.139,1.158,1.135
2023-02-01,1.145,1.155,1.155,1.134
2023-02-02,1.158,1.145,1.161,1.144
2023-02-03,1.141,1.132,1.147,1.12
2023-02-06,1.121,1.113,1.124,1.105
2023-02-07,1.117,1.111,1.121,1.104
2023-02-08,1.113,1.105,1.119,1.105
2023-02-09,1.105,1.126,1.127,1.103
2023-02-10,1.122,1.114,1.125,1.107
2023-02-13,1.113,1.123,1.128,1.109
2023-02-14,1.129,1.118,1.131,1.112
2023-02-15,1.119,1.107,1.125,1.106
2023-02-16,1.109,1.094,1.118,1.085
2023-02-17,1.092,1.065,1.095,1.063
2023-02-20,1.061,1.08,1.08,1.052
2023-02-21,1.075,1.072,1.078,1.065
2023-02-22,1.066,1.061,1.072,1.06
2023-02-23,1.063,1.068,1.072,1.061
2023-02-24,1.066,1.051,1.068,1.05
2023-02-27,1.045,1.044,1.053,1.04
2023-02-28,1.047,1.053,1.054,1.042
2023-03-01,1.051,1.056,1.06,1.044
2023-03-02,1.055,1.043,1.055,1.042
2023-03-03,1.047,1.047,1.051,1.039
2023-03-06,1.048,1.052,1.052,1.031
2023-03-07,1.046,1.031,1.05,1.031
2023-03-08,1.028,1.029,1.034,1.022
2023-03-09,1.03,1.026,1.033,1.022
2023-03-10,1.022,1.026,1.034,1.017
2023-03-13,1.025,1.017,1.03,1.013
2023-03-14,1.016,1.009,1.017,0.992
2023-03-15,1.013,1.004,1.022,1.004
2023-03-16,1.0,0.991,1.004,0.989
2023-03-17,0.998,0.984,1.0,0.98
2023-03-20,0.981,0.986,0.996,0.975
2023-03-21,0.989,1.007,1.007,0.988
2023-03-22,1.009,1.004,1.017,0.999
2023-03-23,1.0,1.01,1.01,0.998
2023-03-24,1.01,1.011,1.015,1.005
2023-03-27,1.009,1.021,1.022,1.007
2023-03-28,1.02,1.009,1.02,1.006
2023-03-29,1.01,1.01,1.017,1.008
2023-03-30,1.011,1.017,1.018,1.007
2023-03-31,1.019,1.02,1.025,1.016
2023-04-03,1.02,1.035,1.037,1.02
2023-04-04,1.033,1.023,1.035,1.016
2023-04-06,1.017,1.022,1.023,1.013
2023-04-07,1.021,1.032,1.036,1.019
2023-04-10,1.036,1.037,1.039,1.028
2023-04-11,1.036,1.032,1.046,1.028
2023-04-12,1.033,1.026,1.034,1.022
2023-04-13,1.021,1.016,1.025,1.016
2023-04-14,1.017,1.028,1.031,1.017
2023-04-17,1.025,1.034,1.037,1.024
2023-04-18,1.034,1.029,1.041,1.028
2023-04-19,1.03,1.023,1.032,1.021
2023-04-20,1.022,1.005,1.022,1.002
2023-04-21,1.007,0.988,1.012,0.987
2023-04-24,0.988,0.965,0.988,0.96
2023-04-25,0.967,0.944,0.969,0.94
2023-04-26,0.943,0.968,0.975,0.941
2023-04-27,0.965,0.974,0.978,0.962
2023-04-28,0.977,0.977,0.985,0.97
2023-05-04,0.973,0.966,0.978,0.963
2023-05-05,0.966,0.956,0.967,0.951
2023-05-08,0.957,0.963,0.963,0.95
2023-05-09,0.962,0.949,0.963,0.949
2023-05-10,0.947,0.962,0.966,0.94
2023-05-11,0.961,0.972,0.98,0.959
2023-05-12,0.972,0.962,0.978,0.96
2023-05-15,0.963,0.982,0.983,0.963
2023-05-16,0.984,0.98,0.986,0.977
2023-05-17,0.981,0.98,0.985,0.974
2023-05-18,0.983,0.968,0.983,0.961
2023-05-19,0.965,0.967,0.973,0.961
2023-05-22,0.966,0.97,0.975,0.962
2023-05-23,0.97,0.957,0.972,0.957
2023-05-24,0.954,0.954,0.964,0.952
2023-05-25,0.953,0.956,0.959,0.948
2023-05-26,0.955,0.944,0.956,0.937
2023-05-29,0.945,0.93,0.948,0.926
2023-05-30,0.927,0.935,0.938,0.921
2023-05-31,0.932,0.925,0.934,0.919
2023-06-01,0.924,0.929,0.937,0.92
2023-06-02,0.933,0.942,0.945,0.931
2023-06-05,0.941,0.924,0.942,0.923
2023-06-06,0.924,0.911,0.924,0.911
2023-06-07,0.91,0.893,0.911,0.89
2023-06-08,0.893,0.892,0.899,0.888
2023-06-09,0.892,0.895,0.896,0.888
2023-06-12,0.894,0.903,0.908,0.892
2023-06-13,0.9,0.909,0.911,0.9
2023-06-14,0.911,0.907,0.915,0.907
2023-06-15,0.912,0.947,0.947,0.912
2023-06-16,0.948,0.963,0.964,0.945
2023-06-19,0.964,0.959,0.965,0.954
2023-06-20,0.957,0.962,0.965,0.955
2023-06-21,0.958,0.932,0.96,0.932
2023-06-26,0.921,0.926,0.938,0.919
2023-06-27,0.926,0.927,0.933,0.922
2023-06-28,0.926,0.924,0.927,0.915
2023-06-29,0.924,0.923,0.929,0.921
2023-06-30,0.92,0.937,0.943,0.917
2023-07-03,0.942,0.942,0.948,0.937
2023-07-04,0.94,0.945,0.947,0.937
2023-07-05,0.945,0.939,0.951,0.936
2023-07-06,0.936,0.928,0.941,0.926
2023-07-07,0.925,0.918,0.927,0.918
2023-07-10,0.922,0.931,0.939,0.92
2023-07-11,0.935,0.94,0.942,0.93
2023-07-12,0.941,0.934,0.942,0.932
2023-07-13,0.938,0.952,0.952,0.937
2023-07-14,0.951,0.947,0.953,0.944
2023-07-17,0.942,0.937,0.943,0.932
2023-07-18,0.937,0.934,0.94,0.931
2023-07-19,0.933,0.922,0.934,0.918
2023-07-20,0.924,0.912,0.932,0.911
2023-07-21,0.912,0.914,0.92,0.909
2023-07-24,0.91,0.907,0.915,0.903
2023-07-25,0.92,0.928,0.931,0.916
2023-07-26,0.926,0.929,0.93,0.923
2023-07-27,0.932,0.927,0.936,0.925
2023-07-28,0.922,0.942,0.944,0.92
2023-07-31,0.947,0.949,0.961,0.946
2023-08-01,0.948,0.944,0.956,0.94
2023-08-02,0.942,0.945,0.95,0.941
2023-08-03,0.941,0.956,0.956,0.941
2023-08-04,0.966,0.967,0.976,0.958
2023-08-07,0.962,0.955,0.963,0.952
2023-08-08,0.954,0.951,0.959,0.95
2023-08-09,0.948,0.95,0.956,0.947
2023-08-10,0.951,0.955,0.956,0.946
2023-08-11,0.954,0.931,0.955,0.931
2023-08-14,0.921,0.919,0.923,0.91
2023-08-15,0.919,0.913,0.923,0.905
2023-08-16,0.909,0.905,0.917,0.905
2023-08-17,0.905,0.913,0.915,0.898
2023-08-18,0.913,0.9,0.918,0.9
2023-08-21,0.898,0.888,0.899,0.887
2023-08-22,0.89,0.887,0.894,0.87
2023-08-23,0.881,0.865,0.883,0.864
2023-08-24,0.869,0.876,0.885,0.867
2023-08-25,0.87,0.866,0.872,0.861
2023-08-28,0.924,0.875,0.941,0.872
2023-08-29,0.873,0.9,0.908,0.871
2023-08-30,0.901,0.9,0.911,0.896
2023-08-31,0.897,0.893,0.898,0.891
2023-09-01,0.895,0.892,0.899,0.888
2023-09-04,0.895,0.899,0.901,0.885
2023-09-05,0.896,0.895,0.9,0.893
2023-09-06,0.892,0.888,0.893,0.884
2023-09-07,0.887,0.868,0.887,0.868
2023-09-08,0.865,0.862,0.868,0.858
2023-09-11,0.863,0.867,0.875,0.858
2023-09-12,0.866,0.861,0.868,0.86
2023-09-13,0.86,0.85,0.863,0.845
2023-09-14,0.847,0.844,0.849,0.839
2023-09-15,0.844,0.838,0.847,0.834
2023-09-18,0.834,0.845,0.853,0.833
2023-09-19,0.845,0.838,0.845,0.834
2023-09-20,0.836,0.831,0.838,0.831
2023-09-21,0.829,0.822,0.833,0.822
2023-09-22,0.82,0.845,0.845,0.82
2023-09-25,0.841,0.838,0.844,0.836
2023-09-26,0.837,0.831,0.84,0.831
2023-09-27,0.83,0.839,0.849,0.83
2023-09-28,0.84,0.839,0.845,0.834
2023-10-09,0.838,0.836,0.84,0.826
2023-10-10,0.836,0.831,0.843,0.83
2023-10-11,0.834,0.838,0.846,0.834
2023-10-12,0.844,0.846,0.849,0.839
2023-10-13,0.84,0.834,0.841,0.83
2023-10-16,0.835,0.817,0.835,0.812
2023-10-17,0.819,0.817,0.823,0.814
2023-10-18,0.815,0.807,0.815,0.805
2023-10-19,0.802,0.799,0.807,0.797
2023-10-20,0.793,0.793,0.804,0.79
2023-10-23,0.79,0.778,0.791,0.774
2023-10-24,0.781,0.784,0.789,0.777
2023-10-25,0.789,0.775,0.791,0.774
2023-10-26,0.769,0.78,0.781,0.763
2023-10-27,0.776,0.804,0.808,0.774
2023-10-30,0.8,0.827,0.829,0.8
2023-10-31,0.824,0.821,0.825,0.816
2023-11-01,0.825,0.817,0.825,0.813
2023-11-02,0.82,0.81,0.825,0.81
2023-11-03,0.812,0.824,0.827,0.811
2023-11-06,0.83,0.855,0.855,0.83
2023-11-07,0.852,0.848,0.853,0.844
2023-11-08,0.845,0.848,0.855,0.842
2023-11-09,0.847,0.846,0.854,0.844
2023-11-10,0.842,0.839,0.842,0.837
2023-11-13,0.844,0.839,0.848,0.835
2023-11-14,0.839,0.836,0.845,0.832
2023-11-15,0.849,0.84,0.85,0.837
2023-11-16,0.84,0.825,0.84,0.824
2023-11-17,0.822,0.828,0.828,0.821
2023-11-20,0.828,0.828,0.832,0.818
2023-11-21,0.831,0.825,0.839,0.824
2023-11-22,0.821,0.809,0.824,0.809
2023-11-23,0.807,0.813,0.814,0.805
2023-11-24,0.812,0.803,0.813,0.803
2023-11-27,0.801,0.798,0.803,0.793
2023-11-28,0.798,0.803,0.804,0.795
2023-11-29,0.803,0.793,0.803,0.793
2023-11-30,0.793,0.796,0.802,0.792
2023-12-01,0.797,0.799,0.802,0.788
2023-12-04,0.799,0.788,0.799,0.788
2023-12-05,0.786,0.773,0.787,0.772
2023-12-06,0.771,0.776,0.786,0.77
2023-12-07,0.774,0.774,0.781,0.769
2023-12-08,0.777,0.784,0.786,0.773
2023-12-11,0.78,0.796,0.797,0.775
2023-12-12,0.792,0.79,0.795,0.788
2023-12-13,0.789,0.775,0.789,0.775
2023-12-14,0.782,0.77,0.787,0.77
2023-12-15,0.773,0.767,0.78,0.764
2023-12-18,0.763,0.753,0.766,0.751
2023-12-19,0.752,0.758,0.762,0.751
2023-12-20,0.759,0.748,0.76,0.747
2023-12-21,0.744,0.763,0.768,0.743
2023-12-22,0.76,0.758,0.769,0.753
2023-12-25,0.758,0.76,0.764,0.756
2023-12-26,0.758,0.75,0.76,0.747
2023-12-27,0.751,0.75,0.754,0.744
2023-12-28,0.748,0.784,0.786,0.747
2023-12-29,0.783,0.787,0.791,0.781
2024-01-02,0.787,0.77,0.787,0.77
2024-01-03,0.768,0.76,0.771,0.757
2024-01-04,0.76,0.746,0.76,0.741
2024-01-05,0.744,0.735,0.752,0.73
2024-01-08,0.733,0.725,0.738,0.723
2024-01-09,0.726,0.727,0.737,0.72
2024-01-10,0.724,0.724,0.736,0.715
2024-01-11,0.723,0.739,0.745,0.722
2024-01-12,0.735,0.731,0.741,0.73
2024-01-15,0.725,0.724,0.734,0.72
2024-01-16,0.722,0.73,0.73,0.717
2024-01-17,0.727,0.707,0.728,0.707
2024-01-18,0.702,0.723,0.727,0.701
2024-01-19,0.72,0.718,0.73,0.717
2024-01-22,0.715,0.701,0.72,0.697
2024-01-23,0.699,0.708,0.717,0.697
2024-01-24,0.712,0.712,0.715,0.689
2024-01-25,0.708,0.722,0.722,0.701
2024-01-26,0.717,0.703,0.719,0.703
2024-01-29,0.705,0.675,0.705,0.675
2024-01-30,0.67,0.66,0.68,0.658
2024-01-31,0.66,0.659,0.67,0.658
2024-02-01,0.656,0.666,0.679,0.655
2024-02-02,0.665,0.65,0.669,0.633
2024-02-05,0.641,0.661,0.674,0.623
2024-02-06,0.654,0.7,0.701,0.651
2024-02-07,0.699,0.709,0.714,0.695
2024-02-08,0.715,0.722,0.735,0.714
2024-02-19,0.732,0.734,0.734,0.722
2024-02-20,0.731,0.731,0.735,0.723
2024-02-21,0.725,0.735,0.749,0.723
2024-02-22,0.734,0.738,0.741,0.731
2024-02-23,0.742,0.738,0.743,0.733
2024-02-26,0.736,0.734,0.74,0.729
2024-02-27,0.731,0.752,0.752,0.729
2024-02-28,0.753,0.733,0.768,0.733
2024-02-29,0.731,0.76,0.762,0.729
2024-03-01,0.76,0.768,0.772,0.755
2024-03-04,0.768,0.771,0.779,0.766
2024-03-05,0.769,0.772,0.777,0.763
2024-03-06,0.767,0.773,0.784,0.763
2024-03-07,0.771,0.754,0.775,0.753
2024-03-08,0.755,0.761,0.765,0.749
2024-03-11,0.765,0.804,0.804,0.765
2024-03-12,0.807,0.808,0.815,0.8
2024-03-13,0.811,0.805,0.813,0.803
2024-03-14,0.806,0.802,0.814,0.796
2024-03-15,0.802,0.801,0.803,0.784
2024-03-18,0.81,0.822,0.822,0.81
2024-03-19,0.818,0.811,0.82,0.81
2024-03-20,0.807,0.81,0.814,0.804
2024-03-21,0.811,0.806,0.815,0.804
2024-03-22,0.805,0.792,0.805,0.788
2024-03-25,0.788,0.778,0.794,0.777
2024-03-26,0.777,0.782,0.789,0.776
2024-03-27,0.779,0.762,0.781,0.76
2024-03-28,0.761,0.768,0.778,0.759
2024-03-29,0.768,0.771,0.777,0.765
2024-04-01,0.779,0.796,0.797,0.779
2024-04-02,0.797,0.792,0.797,0.788
2024-04-03,0.79,0.782,0.79,0.781
2024-04-08,0.779,0.768,0.782,0.768
2024-04-09,0.769,0.777,0.777,0.766
2024-04-10,0.775,0.761,0.775,0.757
2024-04-11,0.755,0.758,0.765,0.753
2024-04-12,0.756,0.749,0.76,0.749
2024-04-15,0.75,0.766,0.771,0.75
2024-04-16,0.76,0.752,0.764,0.75
2024-04-17,0.754,0.767,0.767,0.752
2024-04-18,0.763,0.761,0.77,0.752
2024-04-19,0.755,0.745,0.757,0.739
2024-04-22,0.74,0.743,0.75,0.736
2024-04-23,0.744,0.743,0.749,0.737
2024-04-24,0.745,0.749,0.75,0.738
2024-04-25,0.743,0.749,0.754,0.739
2024-04-26,0.749,0.778,0.779,0.749
2024-04-29,0.781,0.807,0.817,0.78
2024-04-30,0.809,0.798,0.809,0.797
2024-05-06,0.817,0.815,0.82,0.812
2024-05-07,0.815,0.81,0.816,0.808
2024-05-08,0.808,0.796,0.809,0.795
2024-05-09,0.799,0.809,0.812,0.799
2024-05-10,0.811,0.8,0.811,0.797
2024-05-13,0.79,0.788,0.799,0.786
2024-05-14,0.792,0.787,0.796,0.785
2024-05-15,0.79,0.782,0.794,0.78
2024-05-16,0.784,0.786,0.793,0.781
2024-05-17,0.783,0.793,0.794,0.779
2024-05-20,0.794,0.797,0.802,0.791
2024-05-21,0.794,0.789,0.796,0.787
2024-05-22,0.791,0.801,0.803,0.788
2024-05-23,0.798,0.791,0.801,0.788
2024-05-24,0.787,0.775,0.795,0.774
2024-05-27,0.777,0.779,0.779,0.767
2024-05-28,0.777,0.767,0.778,0.767
2024-05-29,0.768,0.771,0.782,0.768
2024-05-30,0.77,0.773,0.776,0.769
2024-05-31,0.773,0.771,0.782,0.77
2024-06-03,0.769,0.777,0.779,0.766
2024-06-04,0.775,0.787,0.79,0.774
2024-06-05,0.786,0.784,0.794,0.783
2024-06-06,0.787,0.779,0.79,0.777
2024-06-07,0.777,0.76,0.779,0.751
2024-06-11,0.755,0.761,0.762,0.75
2024-06-12,0.757,0.756,0.761,0.754
2024-06-13,0.759,0.759,0.768,0.756
2024-06-14,0.759,0.767,0.768,0.75
2024-06-17,0.762,0.775,0.777,0.76
2024-06-18,0.774,0.779,0.783,0.773
2024-06-19,0.782,0.77,0.783,0.77
2024-06-20,0.77,0.758,0.773,0.757
2024-06-21,0.756,0.755,0.757,0.747
2024-06-24,0.749,0.744,0.755,0.744
2024-06-25,0.743,0.73,0.745,0.726
2024-06-26,0.729,0.742,0.744,0.729
2024-06-27,0.739,0.731,0.739,0.73
2024-06-28,0.729,0.723,0.739,0.72
2024-07-01,0.721,0.722,0.724,0.706
2024-07-02,0.718,0.715,0.722,0.712
2024-07-03,0.715,0.714,0.721,0.708
2024-07-04,0.717,0.709,0.722,0.709
2024-07-05,0.711,0.712,0.715,0.702
2024-07-08,0.709,0.7,0.711,0.698
2024-07-09,0.7,0.713,0.717,0.695
2024-07-10,0.71,0.713,0.721,0.708
2024-07-11,0.721,0.727,0.732,0.716
2024-07-12,0.725,0.727,0.731,0.72
2024-07-15,0.723,0.72,0.724,0.716
2024-07-16,0.719,0.733,0.733,0.718
2024-07-17,0.73,0.731,0.737,0.727
2024-07-18,0.726,0.743,0.743,0.724
2024-07-19,0.738,0.745,0.747,0.737
2024-07-22,0.745,0.744,0.75,0.74
2024-07-23,0.744,0.723,0.745,0.723
2024-07-24,0.721,0.714,0.729,0.712
2024-07-25,0.712,0.712,0.718,0.709
2024-07-26,0.714,0.719,0.724,0.713
2024-07-29,0.716,0.707,0.717,0.705
2024-07-30,0.705,0.705,0.708,0.701
2024-07-31,0.704,0.729,0.73,0.701
2024-08-01,0.729,0.718,0.731,0.717
2024-08-02,0.713,0.704,0.718,0.701
2024-08-05,0.697,0.689,0.709,0.688
2024-08-06,0.697,0.699,0.703,0.691
2024-08-07,0.696,0.695,0.701,0.694
2024-08-08,0.692,0.691,0.698,0.684
2024-08-09,0.695,0.685,0.699,0.684
2024-08-12,0.684,0.682,0.687,0.68
2024-08-13,0.682,0.69,0.691,0.68
2024-08-14,0.688,0.681,0.69,0.68
2024-08-15,0.679,0.685,0.691,0.678
2024-08-16,0.685,0.685,0.69,0.682
2024-08-19,0.684,0.686,0.694,0.683
2024-08-20,0.686,0.677,0.687,0.676
2024-08-21,0.675,0.675,0.68,0.672
2024-08-22,0.676,0.67,0.677,0.668
2024-08-23,0.667,0.67,0.674,0.666
2024-08-26,0.671,0.67,0.676,0.667
2024-08-27,0.667,0.664,0.668,0.661
2024-08-28,0.662,0.664,0.665,0.658
2024-08-29,0.66,0.667,0.671,0.653
2024-08-30,0.666,0.685,0.694,0.666
2024-09-02,0.683,0.666,0.686,0.665
2024-09-03,0.665,0.673,0.677,0.664
2024-09-04,0.668,0.674,0.68,0.666
2024-09-05,0.674,0.677,0.683,0.673
2024-09-06,0.678,0.667,0.679,0.666
2024-09-09,0.662,0.669,0.672,0.661
2024-09-10,0.669,0.668,0.673,0.661
2024-09-11,0.667,0.677,0.679,0.666
2024-09-12,0.68,0.677,0.687,0.676
2024-09-13,0.678,0.672,0.68,0.671
2024-09-18,0.67,0.671,0.674,0.666
2024-09-19,0.673,0.676,0.684,0.664
2024-09-20,0.674,0.672,0.676,0.666
2024-09-23,0.672,0.67,0.677,0.669
2024-09-24,0.676,0.711,0.711,0.671
2024-09-25,0.726,0.722,0.74,0.721
2024-09-26,0.719,0.754,0.755,0.714
2024-09-27,0.769,0.841,0.852,0.769
2024-09-30,0.899,1.009,1.009,0.871
2024-10-08,1.211,1.211,1.211,1.05
2024-10-09,1.11,1.023,1.146,1.021
2024-10-10,1.02,0.989,1.045,0.969
2024-10-11,0.97,0.936,0.979,0.92
2024-10-14,0.945,0.963,0.968,0.919
2024-10-15,0.954,0.93,0.972,0.93
2024-10-16,0.904,0.906,0.928,0.901
2024-10-17,0.916,0.904,0.927,0.904
2024-10-18,0.901,0.984,1.045,0.901
2024-10-21,0.987,0.987,1.015,0.975
2024-10-22,0.983,0.991,0.996,0.973
2024-10-23,0.985,0.983,1.006,0.975
2024-10-24,0.976,0.969,0.983,0.966
2024-10-25,0.978,1.001,1.021,0.972
2024-10-28,1.001,0.994,1.001,0.981
2024-10-29,0.997,0.969,0.999,0.969
2024-10-30,0.96,0.958,0.971,0.947
2024-10-31,0.957,0.965,0.986,0.949
2024-11-01,0.957,0.948,0.968,0.946
2024-11-04,0.948,0.976,0.978,0.946
2024-11-05,0.977,1.028,1.033,0.969
2024-11-06,1.028,1.011,1.062,1.002
2024-11-07,1.0,1.053,1.054,0.998
2024-11-08,1.076,1.037,1.079,1.032
2024-11-11,1.022,1.066,1.067,1.02
2024-11-12,1.075,1.068,1.096,1.054
2024-11-13,1.058,1.087,1.092,1.049
2024-11-14,1.085,1.048,1.088,1.047
2024-11-15,1.043,1.005,1.05,1.005
2024-11-18,1.006,0.983,1.01,0.972
2024-11-19,0.986,1.015,1.015,0.973
2024-11-20,1.006,1.016,1.024,1.003
2024-11-21,1.014,1.014,1.022,1.007
2024-11-22,1.011,0.974,1.017,0.974
2024-11-25,0.979,0.972,0.983,0.957
2024-11-26,0.967,0.96,0.978,0.959
2024-11-27,0.958,0.988,0.988,0.947
2024-11-28,0.987,0.967,0.987,0.966
2024-11-29,0.965,0.993,1.016,0.964
2024-12-02,0.989,1.009,1.012,0.987
2024-12-03,1.009,1.003,1.011,0.993
2024-12-04,0.998,0.99,1.003,0.985
2024-12-05,0.988,0.993,1.001,0.986
2024-12-06,0.993,1.016,1.028,0.99
2024-12-09,1.015,1.008,1.019,1.0
2024-12-10,1.061,1.014,1.071,1.012
2024-12-11,1.013,1.013,1.023,1.008
2024-12-12,1.011,1.028,1.033,1.009
2024-12-13,1.019,1.0,1.02,0.998
2024-12-16,0.999,0.984,0.999,0.98
2024-12-17,0.983,0.988,1.003,0.982
2024-12-18,0.992,0.987,0.993,0.983
2024-12-19,0.978,0.992,0.995,0.974
2024-12-20,0.99,0.99,1.0,0.985
2024-12-23,0.989,0.983,0.997,0.98
2024-12-24,0.982,0.994,0.994,0.98
2024-12-25,0.994,0.988,0.997,0.982
2024-12-26,0.988,0.991,0.996,0.984
2024-12-27,0.991,0.989,1.003,0.984
2024-12-30,0.986,0.991,0.995,0.985
2024-12-31,0.989,0.961,0.991,0.96
2025-01-02,0.959,0.922,0.959,0.914
2025-01-03,0.923,0.905,0.926,0.903
2025-01-06,0.904,0.903,0.911,0.897
2025-01-07,0.896,0.907,0.908,0.888
2025-01-08,0.9,0.896,0.907,0.878
2025-01-09,0.89,0.899,0.905,0.889
2025-01-10,0.898,0.884,0.903,0.883
2025-01-13,0.873,0.884,0.893,0.871
2025-01-14,0.888,0.929,0.93,0.884
2025-01-15,0.924,0.912,0.924,0.908
2025-01-16,0.917,0.919,0.933,0.908
2025-01-17,0.914,0.925,0.932,0.913
2025-01-20,0.935,0.943,0.95,0.934
2025-01-21,0.955,0.947,0.956,0.937
2025-01-22,0.943,0.942,0.948,0.932
2025-01-23,0.954,0.94,0.967,0.94
2025-01-24,0.936,0.955,0.96,0.935
2025-01-27,0.958,0.925,0.959,0.925
2025-02-05,0.933,0.919,0.933,0.915
2025-02-06,0.917,0.945,0.946,0.916
2025-02-07,0.945,0.972,0.985,0.945
2025-02-10,0.974,0.974,0.977,0.963
2025-02-11,0.974,0.958,0.974,0.958
2025-02-12,0.956,0.973,0.977,0.952
2025-02-13,0.971,0.965,0.979,0.965
2025-02-14,0.964,0.979,0.985,0.962
2025-02-17,0.989,0.99,0.995,0.981
2025-02-18,0.988,0.97,0.993,0.967
2025-02-19,0.967,0.988,0.989,0.966
2025-02-20,0.986,0.986,0.99,0.976
2025-02-21,0.986,1.009,1.013,0.986
2025-02-24,1.005,1.003,1.01,0.993
2025-02-25,0.989,0.99,1.003,0.985
2025-02-26,0.992,1.004,1.004,0.988
2025-02-27,1.002,0.998,1.01,0.985
2025-02-28,0.992,0.958,0.993,0.956
2025-03-03,0.961,0.971,0.988,0.954
2025-03-04,0.962,0.965,0.966,0.953
2025-03-05,0.962,0.964,0.969,0.958
2025-03-06,0.972,0.984,0.987,0.969
2025-03-07,0.979,0.968,0.979,0.965
2025-03-10,0.969,0.967,0.974,0.957
2025-03-11,0.955,0.967,0.967,0.953
2025-03-12,0.97,0.962,0.974,0.962
2025-03-13,0.963,0.952,0.969,0.947
2025-03-14,0.952,0.984,0.988,0.95
2025-03-17,0.986,0.977,0.986,0.974
2025-03-18,0.982,0.984,0.989,0.976
2025-03-19,0.982,0.983,0.99,0.975
2025-03-20,0.98,0.972,0.982,0.971
2025-03-21,0.97,0.949,0.973,0.948
2025-03-24,0.948,0.95,0.953,0.938
2025-03-25,0.951,0.948,0.957,0.943
2025-03-26,0.945,0.943,0.954,0.943
2025-03-27,0.941,0.944,0.955,0.933
2025-03-28,0.943,0.939,0.948,0.937
2025-03-31,0.935,0.927,0.936,0.919
2025-04-01,0.929,0.924,0.936,0.922
2025-04-02,0.923,0.927,0.933,0.921
2025-04-03,0.914,0.906,0.92,0.901
2025-04-07,0.86,0.788,0.86,0.76
2025-04-08,0.793,0.796,0.815,0.782
2025-04-09,0.777,0.801,0.809,0.768
2025-04-10,0.827,0.819,0.841,0.818
2025-04-11,0.81,0.832,0.84,0.81
2025-04-14,0.845,0.835,0.847,0.832
2025-04-15,0.836,0.835,0.839,0.83
2025-04-16,0.831,0.825,0.832,0.813
2025-04-17,0.82,0.826,0.831,0.817
2025-04-18,0.823,0.831,0.831,0.821
2025-04-21,0.829,0.843,0.845,0.824
2025-04-22,0.842,0.841,0.846,0.837
2025-04-23,0.849,0.853,0.859,0.845
2025-04-24,0.851,0.846,0.858,0.845
2025-04-25,0.85,0.854,0.86,0.849
2025-04-28,0.855,0.848,0.858,0.846
2025-04-29,0.847,0.846,0.852,0.844
2025-04-30,0.848,0.854,0.857,0.846
2025-05-06,0.863,0.871,0.873,0.861
2025-05-07,0.89,0.876,0.896,0.87
2025-05-08,0.875,0.896,0.899,0.875
2025-05-09,0.897,0.889,0.897,0.884
2025-05-12,0.905,0.916,0.917,0.902
2025-05-13,0.931,0.914,0.931,0.913
2025-05-14,0.915,0.926,0.937,0.91
2025-05-15,0.923,0.906,0.923,0.906
2025-05-16,0.903,0.905,0.911,0.902
2025-05-19,0.905,0.901,0.906,0.895
2025-05-20,0.906,0.908,0.914,0.897
2025-05-21,0.91,0.919,0.926,0.909
2025-05-22,0.92,0.911,0.921,0.909
2025-05-23,0.91,0.899,0.917,0.899
2025-05-26,0.895,0.888,0.9,0.883
2025-05-27,0.889,0.884,0.889,0.878
2025-05-28,0.885,0.879,0.888,0.877
2025-05-29,0.881,0.891,0.894,0.879
2025-05-30,0.886,0.882,0.886,0.877
2025-06-03,0.879,0.882,0.889,0.877
2025-06-04,0.886,0.894,0.897,0.885
2025-06-05,0.895,0.907,0.91,0.889
2025-06-06,0.907,0.902,0.909,0.898
2025-06-09,0.903,0.911,0.917,0.903
2025-06-10,0.909,0.898,0.912,0.893
2025-06-11,0.901,0.912,0.919,0.9
2025-06-12,0.909,0.914,0.92,0.906
2025-06-13,0.911,0.906,0.915,0.903
2025-06-16,0.904,0.915,0.918,0.904
2025-06-17,0.918,0.912,0.919,0.909
2025-06-18,0.912,0.917,0.918,0.907
2025-06-19,0.913,0.902,0.917,0.9
2025-06-20,0.902,0.895,0.908,0.894
2025-06-23,0.89,0.898,0.9,0.888
2025-06-24,0.903,0.919,0.921,0.901
2025-06-25,0.923,0.953,0.956,0.922
2025-06-26,0.954,0.946,0.96,0.945
2025-06-27,0.95,0.951,0.961,0.945
2025-06-30,0.953,0.965,0.965,0.953
2025-07-01,0.963,0.961,0.963,0.955
2025-07-02,0.957,0.949,0.959,0.947
2025-07-03,0.953,0.97,0.974,0.952
2025-07-04,0.971,0.968,0.984,0.967
2025-07-07,0.965,0.956,0.97,0.953
2025-07-08,0.955,0.979,0.981,0.954
2025-07-09,0.978,0.983,0.993,0.978
2025-07-10,0.986,0.987,0.992,0.978
2025-07-11,0.984,0.993,1.003,0.982
2025-07-14,0.991,0.989,0.994,0.984
2025-07-15,0.994,1.01,1.015,0.994
2025-07-16,1.011,1.006,1.02,1.004
2025-07-17,1.004,1.026,1.027,1.003
2025-07-18,1.031,1.03,1.04,1.023
2025-07-21,1.03,1.038,1.039,1.026
2025-07-22,1.037,1.043,1.046,1.034
2025-07-23,1.044,1.043,1.054,1.04
2025-07-24,1.047,1.058,1.058,1.046
2025-07-25,1.06,1.055,1.06,1.05
2025-07-28,1.056,1.069,1.07,1.052
2025-07-29,1.067,1.09,1.091,1.065
2025-07-30,1.088,1.074,1.088,1.062
2025-07-31,1.076,1.05,1.084,1.047
2025-08-01,1.047,1.047,1.06,1.039
2025-08-04,1.04,1.052,1.053,1.038
2025-08-05,1.059,1.057,1.061,1.045
2025-08-06,1.052,1.063,1.065,1.051
2025-08-07,1.063,1.054,1.071,1.045
2025-08-08,1.053,1.052,1.062,1.05
2025-08-11,1.052,1.075,1.077,1.051
2025-08-12,1.076,1.09,1.09,1.067
2025-08-13,1.095,1.133,1.138,1.093
2025-08-14,1.134,1.126,1.145,1.122
2025-08-15,1.12,1.157,1.16,1.12
2025-08-18,1.161,1.189,1.206,1.151
2025-08-19,1.187,1.19,1.206,1.183
2025-08-20,1.179,1.195,1.195,1.163
2025-08-21,1.195,1.186,1.201,1.178
2025-08-22,1.183,1.232,1.232,1.181
2025-08-25,1.245,1.266,1.278,1.235
2025-08-26,1.261,1.258,1.273,1.25
2025-08-27,1.257,1.25,1.298,1.25
2025-08-28,1.241,1.309,1.309,1.241
2025-08-29,1.304,1.342,1.366,1.295
2025-09-01,1.351,1.374,1.379,1.339
2025-09-02,1.374,1.336,1.391,1.32
2025-09-03,1.341,1.354,1.37,1.334
2025-09-04,1.372,1.289,1.388,1.276
2025-09-05,1.292,1.394,1.395,1.292
2025-09-08,1.4,1.365,1.4,1.343
2025-09-09,1.349,1.336,1.365,1.323
2025-09-10,1.343,1.351,1.367,1.332
2025-09-11,1.359,1.432,1.432,1.352
2025-09-12,1.42,1.414,1.434,1.409
2025-09-15,1.417,1.437,1.462,1.417
2025-09-16,1.44,1.453,1.453,1.418
2025-09-17,1.449,1.48,1.485,1.439
2025-09-18,1.469,1.455,1.493,1.433
2025-09-19,1.455,1.455,1.474,1.445
2025-09-22,1.455,1.466,1.466,1.435
2025-09-23,1.481,1.476,1.493,1.436
2025-09-24,1.456,1.505,1.507,1.456
2025-09-25,1.497,1.53,1.55,1.492
2025-09-26,1.524,1.492,1.543,1.491
2025-09-29,1.491,1.539,1.548,1.491
2025-09-30,1.54,1.537,1.557,1.525
2025-10-09,1.538,1.543,1.578,1.537
2025-10-10,1.528,1.465,1.529,1.457
2025-10-13,1.394,1.441,1.455,1.394
2025-10-14,1.465,1.382,1.469,1.377
2025-10-15,1.384,1.419,1.424,1.368
2025-10-16,1.412,1.429,1.445,1.408
2025-10-17,1.423,1.381,1.431,1.378
2025-10-20,1.415,1.413,1.437,1.4
2025-10-21,1.428,1.463,1.472,1.413
2025-10-22,1.45,1.452,1.466,1.44
2025-10-23,1.444,1.452,1.455,1.422
2025-10-24,1.467,1.51,1.511,1.461
2025-10-27,1.541,1.541,1.545,1.513
2025-10-28,1.529,1.538,1.566,1.525
2025-10-29,1.556,1.59,1.591,1.555
2025-10-30,1.587,1.558,1.596,1.555
2025-10-31,1.552,1.513,1.563,1.511
2025-11-03,1.504,1.521,1.522,1.478
2025-11-04,1.516,1.488,1.525,1.476
2025-11-05,1.454,1.505,1.513,1.452
2025-11-06,1.516,1.535,1.543,1.512
2025-11-07,1.523,1.527,1.543,1.512
2025-11-10,1.534,1.504,1.54,1.483
2025-11-11,1.517,1.48,1.523,1.479
2025-11-12,1.472,1.481,1.486,1.454
2025-11-13,1.475,1.514,1.52,1.467
2025-11-14,1.499,1.47,1.499,1.469
2025-11-17,1.456,1.464,1.474,1.452
2025-11-18,1.456,1.449,1.471,1.44
2025-11-19,1.447,1.455,1.474,1.446
2025-11-20,1.481,1.44,1.488,1.436
2025-11-21,1.418,1.384,1.42,1.381
2025-11-24,1.394,1.384,1.397,1.364
2025-11-25,1.404,1.407,1.433,1.398
2025-11-26,1.407,1.447,1.464,1.398
2025-11-27,1.443,1.435,1.481,1.434
2025-11-28,1.435,1.448,1.454,1.425
2025-12-01,1.45,1.468,1.468,1.436
2025-12-02,1.468,1.46,1.47,1.45
2025-12-03,1.461,1.443,1.478,1.438
2025-12-04,1.443,1.461,1.464,1.432
2025-12-05,1.471,1.482,1.487,1.452
2025-12-08,1.489,1.53,1.539,1.487
2025-12-09,1.529,1.535,1.551,1.517
2025-12-10,1.535,1.532,1.54,1.5
2025-12-11,1.532,1.511,1.555,1.51
2025-12-12,1.511,1.527,1.53,1.496
2025-12-15,1.508,1.495,1.521,1.495
2025-12-16,1.493,1.463,1.499,1.456
2025-12-17,1.462,1.517,1.52,1.461
2025-12-18,1.501,1.479,1.504,1.478
2025-12-19,1.493,1.485,1.504,1.48
2025-12-22,1.501,1.521,1.525,1.501
2025-12-23,1.522,1.53,1.54,1.517
2025-12-24,1.531,1.539,1.542,1.521
2025-12-25,1.541,1.542,1.549,1.523
2025-12-26,1.539,1.544,1.558,1.53
2025-12-29,1.535,1.532,1.565,1.524
2025-12-30,1.525,1.544,1.548,1.523
2025-12-31,1.544,1.522,1.552,1.52
2026-01-05,1.535,1.566,1.567,1.533
2026-01-06,1.564,1.573,1.577,1.547
2026-01-07,1.576,1.578,1.589,1.56
2026-01-08,1.566,1.56,1.575,1.551
2026-01-09,1.549,1.567,1.568,1.538
2026-01-12,1.56,1.591,1.598,1.538
2026-01-13,1.592,1.56,1.61,1.553
2026-01-14,1.561,1.571,1.597,1.552
2026-01-15,1.557,1.582,1.585,1.551
2026-01-16,1.598,1.582,1.603,1.575
2026-01-19,1.567,1.563,1.589,1.56
2026-01-20,1.562,1.534,1.568,1.524
2026-01-21,1.523,1.542,1.561,1.523
2026-01-22,1.547,1.558,1.563,1.531
2026-01-23,1.56,1.562,1.565,1.547
2026-01-26,1.565,1.549,1.569,1.541
2026-01-27,1.547,1.563,1.571,1.529
2026-01-28,1.569,1.553,1.571,1.542
2026-01-29,1.55,1.547,1.571,1.543
2026-01-30,1.543,1.577,1.589,1.531
2026-02-02,1.582,1.539,1.603,1.538
2026-02-03,1.565,1.565,1.572,1.527
2026-02-04,1.551,1.555,1.562,1.522
2026-02-05,1.538,1.53,1.547,1.521
2026-02-06,1.515,1.519,1.544,1.5
2026-02-09,1.551,1.568,1.572,1.537
2026-02-10,1.568,1.565,1.576,1.559
2026-02-11,1.556,1.54,1.561,1.538
2026-02-12,1.542,1.56,1.564,1.542
2026-02-13,1.551,1.537,1.557,1.536
2026-02-24,1.562,1.557,1.573,1.547
2026-02-25,1.557,1.576,1.58,1.551
2026-02-26,1.576,1.571,1.576,1.553
2026-02-27,1.55,1.548,1.559,1.539
2026-03-02,1.53,1.544,1.556,1.522
2026-03-03,1.556,1.509,1.563,1.505
2026-03-04,1.485,1.486,1.509,1.476
2026-03-05,1.512,1.511,1.537,1.5
2026-03-06,1.503,1.514,1.526,1.49
2026-03-09,1.488,1.504,1.509,1.457
2026-03-10,1.54,1.551,1.553,1.532
2026-03-11,1.555,1.575,1.596,1.555
2026-03-12,1.575,1.559,1.58,1.542
2026-03-13,1.545,1.556,1.57,1.544
2026-03-16,1.558,1.58,1.582,1.542
2026-03-17,1.59,1.541,1.596,1.54
2026-03-18,1.552,1.578,1.578,1.539
2026-03-19,1.558,1.564,1.588,1.556
2026-03-20,1.587,1.59,1.624,1.583
2026-03-23,1.566,1.533,1.582,1.525
2026-03-24,1.558,1.538,1.559,1.492
2026-03-25,1.555,1.57,1.574,1.551
2026-03-26,1.565,1.549,1.586,1.545
2026-03-27,1.537,1.555,1.569,1.527
2026-03-30,1.532,1.544,1.55,1.521
2026-03-31,1.542,1.503,1.548,1.501
2026-04-01,1.534,1.53,1.539,1.51
2026-04-02,1.523,1.493,1.523,1.487
2026-04-03,1.507,1.485,1.51,1.485
2026-04-07,1.492,1.491,1.5,1.474
2026-04-08,1.535,1.585,1.585,1.531
2026-04-09,1.57,1.572,1.58,1.56
2026-04-10,1.583,1.636,1.651,1.583
2026-04-13,1.632,1.654,1.664,1.627
2026-04-14,1.669,1.698,1.698,1.662
2026-04-15,1.715,1.676,1.727,1.66
2026-04-16,1.682,1.733,1.734,1.674
2026-04-17,1.745,1.762,1.765,1.73
2026-04-20,1.748,1.761,1.771,1.741
2026-04-21,1.753,1.765,1.774,1.731
2026-04-22,1.756,1.805,1.81,1.756
2026-04-23,1.811,1.794,1.825,1.77
2026-04-24,1.77,1.761,1.779,1.738
2026-04-27,1.766,1.748,1.77,1.74
2026-04-28,1.73,1.717,1.74,1.709
2026-04-29,1.71,1.765,1.768,1.709
2026-04-30,1.771,1.759,1.784,1.749
2026-05-06,1.797,1.809,1.828,1.779
2026-05-07,1.822,1.838,1.842,1.798
2026-05-08,1.822,1.821,1.842,1.815
2026-05-11,1.835,1.888,1.891,1.818
2026-05-12,1.9,1.887,1.903,1.872
2026-05-13,1.872,1.944,1.95,1.871
2026-05-14,1.971,1.906,1.976,1.895
2026-05-15,1.909,1.892,1.929,1.862
2026-05-18,1.873,1.887,1.909,1.87
2026-05-19,1.877,1.876,1.882,1.828
2026-05-20,1.86,1.884,1.898,1.86
2026-05-21,1.898,1.84,1.932,1.838
2026-05-22,1.858,1.896,1.902,1.855
2026-05-25,1.912,1.935,1.939,1.879
2026-05-26,1.923,1.954,1.96,1.921
2026-05-27,1.951,1.962,2.011,1.945
2026-05-28,1.958,2.003,2.01,1.922
2026-05-29,2.01,1.965,2.025,1.951
2026-06-01,1.964,1.918,1.988,1.914
2026-06-02,1.933,1.98,1.991,1.919
2026-06-03,1.995,2.017,2.068,1.986
2026-06-04,1.986,1.997,2.012,1.978
2026-06-05,1.989,1.927,2.008,1.911
2026-06-08,1.855,1.852,1.901,1.839
2026-06-09,1.882,1.929,1.932,1.861
2026-06-10,1.9,1.872,1.915,1.857
2026-06-11,1.869,1.848,1.901,1.816
2026-06-12,1.897,1.855,1.899,1.851
2026-06-15,1.891,1.957,1.957,1.858
2026-06-16,1.964,1.986,2.008,1.96
2026-06-17,1.973,2.012,2.014,1.964
2026-06-18,2.0,2.058,2.066,2.0
2026-06-22,2.061,2.112,2.112,2.047
2026-06-23,2.1,2.027,2.107,2.01
2026-06-24,2.016,2.049,2.052,2.007
2026-06-25,2.067,2.115,2.119,2.043
2026-06-26,2.087,2.018,2.088,2.01
2026-06-29,2.006,2.025,2.049,1.968
2026-06-30,2.022,2.088,2.095,2.018
2026-07-01,2.086,2.031,2.092,2.015
2026-07-02,2.0,1.912,2.0,1.902
2026-07-03,1.895,1.914,1.963,1.895
2026-07-06,1.924,1.877,1.934,1.856
2026-07-07,1.863,1.863,1.891,1.833
2026-07-08,1.868,1.832,1.892,1.824
2026-07-09,1.853,1.926,1.926,1.817
2026-07-10,1.926,1.826,1.939,1.826
2026-07-13,1.805,1.773,1.84,1.759
2026-07-14,1.774,1.841,1.844,1.752
2026-07-15,1.848,1.816,1.868,1.813
2026-07-16,1.79,1.768,1.814,1.746
2026-07-17,1.741,1.639,1.743,1.612
2026-07-20,1.664,1.651,1.7,1.599
2026-07-21,1.662,1.766,1.768,1.615
2026-07-22,1.746,1.703,1.77,1.696
2026-07-23,1.711,1.712,1.734,1.692
2026-07-24,1.68,1.668,1.706,1.666
2026-07-27,1.666,1.718,1.721,1.648
2026-07-28,1.672,1.579,1.676,1.571
2026-07-29,1.576,1.604,1.621,1.537
2026-07-30,1.58,1.536,1.591,1.491
2026-07-31,1.61,1.583,1.643,1.583
