date,value
2014-10-29,1000372.02
2014-10-30,994996.02
2014-10-31,989620.02
2014-11-03,1001716.02
2014-11-04,987604.02
2014-11-05,988276.02
2014-11-06,1002388.02
2014-11-07,992308.02
2014-11-10,991636.02
2014-11-11,957364.02
2014-11-12,967444.02
2014-11-13,945268.02
2014-11-14,944596.02
2014-11-17,962068.02
2014-11-18,968116.02
2014-11-19,983572.02
2014-11-20,974836.02
2014-11-21,982228.02
2014-11-24,987604.02
2014-11-25,1005076.02
2014-11-26,1014484.02
2014-11-27,1019860.02
2014-11-28,1023892.02
2014-12-01,1011124.02
2014-12-02,1019188.02
2014-12-03,1047412.02
2014-12-04,1060852.02
2014-12-05,1027252.02
2014-12-08,1019860.02
2014-12-09,983572.02
2014-12-10,1031956.02
2014-12-11,1038676.02
2014-12-12,1040067.65
2014-12-15,1041309.05
2014-12-16,1101516.95
2014-12-17,1148069.45
2014-12-18,1136896.85
2014-12-19,1155517.85
2014-12-22,1178483.75
2014-12-23,1146207.35
2014-12-24,1085999.45
2014-12-25,1140621.05
2014-12-26,1207656.65
2014-12-29,1212001.55
2014-12-30,1232484.65
2014-12-31,1269726.65
2015-01-05,1313175.65
2015-01-06,1294554.65
2015-01-07,1292071.85
2015-01-08,1248622.85
2015-01-09,1252347.05
2015-01-12,1237450.25
2015-01-13,1228139.75
2015-01-14,1233726.05
2015-01-15,1290830.45
2015-01-16,1302003.05
2015-01-19,1140621.05
2015-01-20,1151172.95
2015-01-21,1239312.35
2015-01-22,1236829.55
2015-01-23,1252347.05
2015-01-26,1249243.55
2015-01-27,1223794.85
2015-01-28,1201449.65
2015-01-29,1175380.25
2015-01-30,1154897.15
2015-02-02,1112689.55
2015-02-03,1154897.15
2015-02-04,1134414.05
2015-02-05,1123241.45
2015-02-06,1107723.95
2015-02-09,1132551.95
2015-02-10,1156138.55
2015-02-11,1162966.25
2015-02-12,1165449.05
2015-02-13,1169173.25
2015-02-16,1171656.05
2015-02-17,1182207.95
2015-02-25,1156759.25
2015-02-26,1206415.25
2015-02-27,1198966.85
2015-03-02,1200828.95
2015-03-03,1153035.05
2015-03-04,1151793.65
2015-03-05,1134414.05
2015-03-06,1137517.55
2015-03-09,1173518.15
2015-03-10,1149931.55
2015-03-11,1159242.05
2015-03-12,1205173.85
2015-03-13,1209518.75
2015-03-16,1243657.25
2015-03-17,1264140.35
2015-03-18,1306347.95
2015-03-19,1291451.15
2015-03-20,1321244.75
2015-03-23,1346693.45
2015-03-24,1323106.85
2015-03-25,1302003.05
2015-03-26,1326210.35
2015-03-27,1329934.55
2015-03-30,1386418.25
2015-03-31,1365935.15
2015-04-01,1394487.35
2015-04-02,1385797.55
2015-04-03,1406901.35
2015-04-07,1449729.65
2015-04-08,1484488.85
2015-04-09,1471454.15
2015-04-10,1508075.45
2015-04-13,1542213.95
2015-04-14,1547179.55
2015-04-15,1554627.95
2015-04-16,1637801.75
2015-04-17,1662629.75
2015-04-20,1611732.35
2015-04-21,1635318.95
2015-04-22,1697388.95
2015-04-23,1679388.65
2015-04-24,1653939.95
2015-04-27,1706078.75
2015-04-28,1689319.85
2015-04-29,1684354.25
2015-04-30,1670698.85
2015-05-04,1678767.95
2015-05-05,1607387.45
2015-05-06,1599318.35
2015-05-07,1575731.75
2015-05-08,1581938.75
2015-05-11,1616077.25
2015-05-12,1627870.55
2015-05-13,1599939.05
2015-05-14,1593111.35
2015-05-15,1551524.45
2015-05-18,1514282.45
2015-05-19,1588766.45
2015-05-20,1588766.45
2015-05-21,1612353.05
2015-05-22,1671319.55
2015-05-25,1735872.35
2015-05-26,1746424.25
2015-05-27,1724699.75
2015-05-28,1596835.55
2015-05-29,1588766.45
2015-06-01,1670698.85
2015-06-02,1677526.55
2015-06-03,1666353.95
2015-06-04,1708561.55
2015-06-05,1705458.05
2015-06-08,1812839.15
2015-06-09,1771872.95
2015-06-10,1746424.25
2015-06-11,1734010.25
2015-06-12,1742079.35
2015-06-15,1681871.45
2015-06-16,1639663.85
2015-06-17,1656422.75
2015-06-18,1573869.65
2015-06-19,1469592.05
2015-06-23,1532903.45
2015-06-24,1558972.85
2015-06-25,1497523.55
2015-06-26,1352900.45
2015-06-29,1336762.25
2015-06-30,1455315.95
2015-07-01,1378969.85
2015-07-02,1351659.05
2015-07-03,1286485.55
2015-07-06,1387659.65
2015-07-07,1417453.25
2015-07-08,1302003.05
2015-07-09,1255073.85
2015-07-10,1357364.95
2015-07-13,1375202.95
2015-07-14,1343490.95
2015-07-15,1260643.35
2015-07-16,1248355.6
2015-07-17,1283566.3
2015-07-20,1269034.9
2015-07-21,1264004.8
2015-07-22,1246678.9
2015-07-23,1278536.2
2015-07-24,1251150.1
2015-07-27,1110866.2
2015-07-28,1105277.2
2015-07-29,1133222.2
2015-07-30,1096893.7
2015-07-31,1092981.4
2015-08-03,1101923.8
2015-08-04,1136575.6
2015-08-05,1109189.5
2015-08-06,1098011.5
2015-08-07,1116455.2
2015-08-10,1179052.0
2015-08-11,1164520.6
2015-08-12,1149989.2
2015-08-13,1156696.0
2015-08-14,1156137.1
2015-08-17,1141046.8
2015-08-18,1063918.6
2015-08-19,1073419.9
2015-08-20,1036532.5
2015-08-21,987908.2
2015-08-24,955205.28
2015-08-25,955205.28
2015-08-26,955205.28
2015-08-27,955205.28
2015-08-28,955205.28
2015-08-31,955205.28
2015-09-01,955205.28
2015-09-02,955205.28
2015-09-07,955205.28
2015-09-08,955205.28
2015-09-09,955205.28
2015-09-10,955205.28
2015-09-11,955205.28
2015-09-14,955205.28
2015-09-15,955205.28
2015-09-16,955205.28
2015-09-17,955205.28
2015-09-18,955205.28
2015-09-21,955205.28
2015-09-22,955205.28
2015-09-23,955205.28
2015-09-24,955205.28
2015-09-25,955205.28
2015-09-28,955205.28
2015-09-29,955205.28
2015-09-30,955205.28
2015-10-08,955205.28
2015-10-09,955205.28
2015-10-12,955205.28
2015-10-13,955205.28
2015-10-14,955205.28
2015-10-15,955205.28
2015-10-16,964026.75
2015-10-19,949536.75
2015-10-20,943457.58
2015-10-21,876075.58
2015-10-22,877785.61
2015-10-23,905124.31
2015-10-26,894307.31
2015-10-27,911465.31
2015-10-28,880133.31
2015-10-29,877149.31
2015-10-30,876030.31
2015-11-02,861856.31
2015-11-03,858614.61
2015-11-04,858614.61
2015-11-05,843846.04
2015-11-06,880123.54
2015-11-09,892216.04
2015-11-10,901199.04
2015-11-11,925729.54
2015-11-12,914673.54
2015-11-13,891179.54
2015-11-16,922274.54
2015-11-17,887379.04
2015-11-18,869067.54
2015-11-19,906381.54
2015-11-20,913637.04
2015-11-23,904654.04
2015-11-24,919856.04
2015-11-25,948532.54
2015-11-26,923656.54
2015-11-27,862157.54
2015-11-30,870449.54
2015-12-01,865958.04
2015-12-02,847646.54
2015-12-03,849809.95
2015-12-04,846210.07
2015-12-07,859924.57
2015-12-08,846544.57
2015-12-09,839520.07
2015-12-10,844872.07
2015-12-11,839520.07
2015-12-14,854572.57
2015-12-15,861931.57
2015-12-16,867283.57
2015-12-17,894378.07
2015-12-18,892371.07
2015-12-21,890698.57
2015-12-22,888357.07
2015-12-23,869625.07
2015-12-24,877653.07
2015-12-25,876315.07
2015-12-28,853234.57
2015-12-29,862935.07
2015-12-30,871297.57
2015-12-31,849220.57
2016-01-04,774627.07
2016-01-05,748980.28
2016-01-06,748980.28
2016-01-07,748980.28
2016-01-08,748980.28
2016-01-11,748980.28
2016-01-12,748980.28
2016-01-13,748980.28
2016-01-14,748980.28
2016-01-15,748980.28
2016-01-18,748980.28
2016-01-19,748980.28
2016-01-20,748980.28
2016-01-21,748980.28
2016-01-22,748980.28
2016-01-25,748980.28
2016-01-26,748980.28
2016-01-27,748980.28
2016-01-28,748980.28
2016-01-29,748980.28
2016-02-01,748980.28
2016-02-02,748980.28
2016-02-03,748980.28
2016-02-04,748980.28
2016-02-05,748980.28
2016-02-15,748980.28
2016-02-16,748980.28
2016-02-17,748980.28
2016-02-18,748980.28
2016-02-19,748980.28
2016-02-22,748980.28
2016-02-23,748980.28
2016-02-24,748980.28
2016-02-25,748980.28
2016-02-26,748980.28
2016-02-29,748980.28
2016-03-01,748980.28
2016-03-02,748980.28
2016-03-03,748980.28
2016-03-04,748980.28
2016-03-07,748980.28
2016-03-08,748980.28
2016-03-09,748980.28
2016-03-10,748980.28
2016-03-11,748980.28
2016-03-14,748980.28
2016-03-15,748980.28
2016-03-16,748980.28
2016-03-17,748980.28
2016-03-18,748980.28
2016-03-21,748980.28
2016-03-22,748980.28
2016-03-23,748980.28
2016-03-24,748980.28
2016-03-25,748980.28
2016-03-28,748980.28
2016-03-29,748980.28
2016-03-30,748980.28
2016-03-31,748980.28
2016-04-01,748980.28
2016-04-05,748980.28
2016-04-06,748980.28
2016-04-07,748980.28
2016-04-08,748980.28
2016-04-11,748980.28
2016-04-12,748980.28
2016-04-13,748980.28
2016-04-14,748980.28
2016-04-15,748980.28
2016-04-18,748980.28
2016-04-19,748980.28
2016-04-20,748980.28
2016-04-21,748980.28
2016-04-22,748980.28
2016-04-25,748980.28
2016-04-26,748980.28
2016-04-27,748980.28
2016-04-28,748980.28
2016-04-29,748980.28
2016-05-03,748980.28
2016-05-04,748980.28
2016-05-05,748980.28
2016-05-06,748980.28
2016-05-09,748980.28
2016-05-10,748980.28
2016-05-11,748980.28
2016-05-12,748980.28
2016-05-13,748980.28
2016-05-16,748980.28
2016-05-17,748980.28
2016-05-18,748980.28
2016-05-19,748980.28
2016-05-20,748980.28
2016-05-23,748980.28
2016-05-24,748980.28
2016-05-25,748980.28
2016-05-26,748980.28
2016-05-27,748980.28
2016-05-30,748980.28
2016-05-31,748980.28
2016-06-01,748980.28
2016-06-02,748980.28
2016-06-03,748980.28
2016-06-06,748980.28
2016-06-07,748980.28
2016-06-08,748980.28
2016-06-13,748980.28
2016-06-14,748980.28
2016-06-15,748980.28
2016-06-16,748980.28
2016-06-17,748980.28
2016-06-20,748980.28
2016-06-21,748980.28
2016-06-22,748980.28
2016-06-23,748980.28
2016-06-24,748980.28
2016-06-27,748980.28
2016-06-28,748980.28
2016-06-29,748980.28
2016-06-30,748980.28
2016-07-01,748980.28
2016-07-04,748980.28
2016-07-05,748980.28
2016-07-06,748980.28
2016-07-07,748980.28
2016-07-08,748980.28
2016-07-11,748980.28
2016-07-12,748980.28
2016-07-13,748980.28
2016-07-14,749440.2
2016-07-15,740540.4
2016-07-18,739633.78
2016-07-19,739633.78
2016-07-20,739633.78
2016-07-21,739633.78
2016-07-22,739633.78
2016-07-25,739633.78
2016-07-26,739633.78
2016-07-27,739633.78
2016-07-28,739633.78
2016-07-29,739633.78
2016-08-01,739633.78
2016-08-02,739633.78
2016-08-03,739633.78
2016-08-04,739633.78
2016-08-05,739633.78
2016-08-08,739633.78
2016-08-09,739633.78
2016-08-10,739633.78
2016-08-11,739633.78
2016-08-12,739633.78
2016-08-15,739633.78
2016-08-16,739633.78
2016-08-17,739633.78
2016-08-18,739633.78
2016-08-19,739633.78
2016-08-22,739633.78
2016-08-23,739633.78
2016-08-24,739633.78
2016-08-25,739633.78
2016-08-26,739633.78
2016-08-29,739633.78
2016-08-30,739633.78
2016-08-31,739633.78
2016-09-01,739633.78
2016-09-02,739633.78
2016-09-05,739633.78
2016-09-06,739633.78
2016-09-07,739633.78
2016-09-08,739633.78
2016-09-09,739633.78
2016-09-12,739633.78
2016-09-13,739633.78
2016-09-14,739633.78
2016-09-19,739633.78
2016-09-20,739633.78
2016-09-21,739633.78
2016-09-22,739633.78
2016-09-23,739633.78
2016-09-26,739633.78
2016-09-27,739633.78
2016-09-28,739633.78
2016-09-29,739633.78
2016-09-30,739633.78
2016-10-10,739633.78
2016-10-11,739633.78
2016-10-12,739633.78
2016-10-13,739633.78
2016-10-14,739633.78
2016-10-17,739633.78
2016-10-18,739633.78
2016-10-19,739633.78
2016-10-20,739633.78
2016-10-21,739633.78
2016-10-24,739633.78
2016-10-25,739633.78
2016-10-26,739633.78
2016-10-27,739633.78
2016-10-28,739633.78
2016-10-31,739633.78
2016-11-01,739633.78
2016-11-02,739633.78
2016-11-03,739633.78
2016-11-04,739633.78
2016-11-07,739633.78
2016-11-08,739633.78
2016-11-09,739633.78
2016-11-10,739633.78
2016-11-11,739633.78
2016-11-14,739633.78
2016-11-15,739633.78
2016-11-16,739633.78
2016-11-17,739633.78
2016-11-18,739633.78
2016-11-21,739633.78
2016-11-22,739633.78
2016-11-23,739633.78
2016-11-24,739633.78
2016-11-25,739633.78
2016-11-28,739633.78
2016-11-29,739633.78
2016-11-30,739633.78
2016-12-01,739633.78
2016-12-02,739633.78
2016-12-05,739633.78
2016-12-06,739633.78
2016-12-07,739633.78
2016-12-08,739633.78
2016-12-09,739633.78
2016-12-12,739633.78
2016-12-13,739633.78
2016-12-14,739633.78
2016-12-15,739633.78
2016-12-16,739633.78
2016-12-19,739633.78
2016-12-20,739633.78
2016-12-21,739633.78
2016-12-22,739633.78
2016-12-23,739633.78
2016-12-26,739633.78
2016-12-27,739633.78
2016-12-28,739633.78
2016-12-29,739633.78
2016-12-30,739633.78
2017-01-03,739633.78
2017-01-04,739633.78
2017-01-05,739633.78
2017-01-06,739633.78
2017-01-09,739633.78
2017-01-10,739633.78
2017-01-11,739633.78
2017-01-12,739633.78
2017-01-13,739633.78
2017-01-16,739633.78
2017-01-17,739633.78
2017-01-18,739633.78
2017-01-19,739633.78
2017-01-20,739633.78
2017-01-23,739633.78
2017-01-24,739633.78
2017-01-25,739633.78
2017-01-26,739633.78
2017-02-03,739633.78
2017-02-06,739633.78
2017-02-07,739633.78
2017-02-08,739633.78
2017-02-09,739633.78
2017-02-10,739633.78
2017-02-13,739633.78
2017-02-14,739633.78
2017-02-15,739633.78
2017-02-16,739633.78
2017-02-17,739633.78
2017-02-20,739633.78
2017-02-21,739633.78
2017-02-22,739633.78
2017-02-23,739633.78
2017-02-24,739633.78
2017-02-27,739633.78
2017-02-28,739633.78
2017-03-01,739633.78
2017-03-02,739633.78
2017-03-03,739633.78
2017-03-06,739633.78
2017-03-07,739633.78
2017-03-08,739633.78
2017-03-09,739633.78
2017-03-10,739633.78
2017-03-13,739633.78
2017-03-14,739633.78
2017-03-15,739633.78
2017-03-16,739633.78
2017-03-17,739633.78
2017-03-20,739633.78
2017-03-21,739633.78
2017-03-22,739633.78
2017-03-23,739633.78
2017-03-24,739633.78
2017-03-27,739633.78
2017-03-28,739633.78
2017-03-29,739633.78
2017-03-30,739633.78
2017-03-31,739633.78
2017-04-05,739633.78
2017-04-06,739633.78
2017-04-07,739633.78
2017-04-10,739633.78
2017-04-11,739633.78
2017-04-12,739633.78
2017-04-13,739633.78
2017-04-14,739633.78
2017-04-17,739633.78
2017-04-18,739633.78
2017-04-19,739633.78
2017-04-20,739633.78
2017-04-21,739633.78
2017-04-24,739633.78
2017-04-25,739633.78
2017-04-26,739633.78
2017-04-27,739633.78
2017-04-28,739633.78
2017-05-02,739633.78
2017-05-03,739633.78
2017-05-04,739633.78
2017-05-05,739633.78
2017-05-08,739633.78
2017-05-09,739633.78
2017-05-10,739633.78
2017-05-11,739633.78
2017-05-12,739633.78
2017-05-15,739633.78
2017-05-16,739633.78
2017-05-17,739633.78
2017-05-18,739633.78
2017-05-19,739633.78
2017-05-22,739633.78
2017-05-23,739633.78
2017-05-24,739633.78
2017-05-25,739633.78
2017-05-26,739633.78
2017-05-31,739633.78
2017-06-01,739633.78
2017-06-02,739633.78
2017-06-05,739633.78
2017-06-06,739633.78
2017-06-07,739633.78
2017-06-08,739633.78
2017-06-09,739633.78
2017-06-12,739633.78
2017-06-13,739633.78
2017-06-14,739633.78
2017-06-15,739633.78
2017-06-16,739633.78
2017-06-19,739633.78
2017-06-20,739633.78
2017-06-21,739633.78
2017-06-22,739633.78
2017-06-23,739633.78
2017-06-26,739633.78
2017-06-27,739633.78
2017-06-28,739633.78
2017-06-29,739633.78
2017-06-30,739633.78
2017-07-03,739633.78
2017-07-04,739633.78
2017-07-05,739633.78
2017-07-06,739633.78
2017-07-07,739633.78
2017-07-10,739633.78
2017-07-11,739633.78
2017-07-12,739633.78
2017-07-13,739633.78
2017-07-14,739633.78
2017-07-17,739633.78
2017-07-18,739633.78
2017-07-19,739633.78
2017-07-20,739633.78
2017-07-21,739633.78
2017-07-24,739633.78
2017-07-25,739633.78
2017-07-26,739633.78
2017-07-27,739633.78
2017-07-28,739633.78
2017-07-31,739633.78
2017-08-01,739633.78
2017-08-02,739633.78
2017-08-03,739633.78
2017-08-04,739633.78
2017-08-07,739633.78
2017-08-08,739633.78
2017-08-09,739633.78
2017-08-10,739633.78
2017-08-11,739633.78
2017-08-14,739633.78
2017-08-15,739633.78
2017-08-16,739633.78
2017-08-17,739633.78
2017-08-18,739633.78
2017-08-21,739633.78
2017-08-22,739633.78
2017-08-23,739633.78
2017-08-24,739633.78
2017-08-25,739633.78
2017-08-28,739633.78
2017-08-29,739633.78
2017-08-30,739633.78
2017-08-31,739633.78
2017-09-01,739633.78
2017-09-04,739633.78
2017-09-05,739633.78
2017-09-06,739633.78
2017-09-07,732696.79
2017-09-08,732476.92
2017-09-11,732476.92
2017-09-12,721834.7
2017-09-13,721618.1
2017-09-14,721618.1
2017-09-15,721618.1
2017-09-18,721618.1
2017-09-19,721618.1
2017-09-20,721618.1
2017-09-21,721618.1
2017-09-22,721618.1
2017-09-25,721618.1
2017-09-26,721618.1
2017-09-27,721618.1
2017-09-28,721618.1
2017-09-29,721618.1
2017-10-09,721618.1
2017-10-10,731859.32
2017-10-11,724253.72
2017-10-12,724253.72
2017-10-13,740415.62
2017-10-16,720450.92
2017-10-17,714746.72
2017-10-18,712631.42
2017-10-19,712631.42
2017-10-20,712631.42
2017-10-23,714129.69
2017-10-24,719693.69
2017-10-25,722475.69
2017-10-26,728681.69
2017-10-27,732961.69
2017-10-30,729109.69
2017-10-31,726109.8
2017-11-01,726109.8
2017-11-02,726109.8
2017-11-03,726109.8
2017-11-06,726109.8
2017-11-07,726109.8
2017-11-08,726109.8
2017-11-09,726109.8
2017-11-10,726109.8
2017-11-13,726109.8
2017-11-14,726109.8
2017-11-15,726109.8
2017-11-16,726109.8
2017-11-17,726109.8
2017-11-20,726109.8
2017-11-21,726109.8
2017-11-22,726109.8
2017-11-23,726109.8
2017-11-24,726109.8
2017-11-27,726109.8
2017-11-28,726109.8
2017-11-29,726109.8
2017-11-30,726109.8
2017-12-01,726109.8
2017-12-04,726109.8
2017-12-05,726109.8
2017-12-06,726109.8
2017-12-07,726109.8
2017-12-08,726109.8
2017-12-11,726109.8
2017-12-12,726109.8
2017-12-13,726109.8
2017-12-14,726109.8
2017-12-15,726109.8
2017-12-18,726109.8
2017-12-19,726109.8
2017-12-20,726109.8
2017-12-21,726109.8
2017-12-22,726109.8
2017-12-25,726109.8
2017-12-26,726109.8
2017-12-27,726109.8
2017-12-28,726109.8
2017-12-29,726109.8
2018-01-02,726109.8
2018-01-03,726109.8
2018-01-04,726109.8
2018-01-05,726109.8
2018-01-08,726109.8
2018-01-09,726109.8
2018-01-10,726109.8
2018-01-11,726109.8
2018-01-12,726109.8
2018-01-15,726109.8
2018-01-16,726109.8
2018-01-17,726109.8
2018-01-18,726109.8
2018-01-19,726109.8
2018-01-22,726109.8
2018-01-23,726109.8
2018-01-24,726109.8
2018-01-25,726109.8
2018-01-26,726109.8
2018-01-29,726109.8
2018-01-30,726109.8
2018-01-31,726109.8
2018-02-01,726109.8
2018-02-02,726109.8
2018-02-05,726109.8
2018-02-06,726109.8
2018-02-07,726109.8
2018-02-08,726109.8
2018-02-09,726109.8
2018-02-12,726109.8
2018-02-13,726109.8
2018-02-14,726109.8
2018-02-22,726109.8
2018-02-23,726109.8
2018-02-26,726109.8
2018-02-27,726109.8
2018-02-28,726109.8
2018-03-01,726109.8
2018-03-02,726109.8
2018-03-05,726109.8
2018-03-06,726109.8
2018-03-07,726109.8
2018-03-08,726109.8
2018-03-09,726109.8
2018-03-12,719940.58
2018-03-13,713989.18
2018-03-14,704070.18
2018-03-15,710021.58
2018-03-16,698118.78
2018-03-19,695926.08
2018-03-20,707579.31
2018-03-21,685832.31
2018-03-22,690567.53
2018-03-23,690567.53
2018-03-26,690567.53
2018-03-27,690567.53
2018-03-28,690567.53
2018-03-29,690567.53
2018-03-30,690567.53
2018-04-02,679070.76
2018-04-03,667781.16
2018-04-04,652728.36
2018-04-09,653473.0
2018-04-10,653473.0
2018-04-11,653473.0
2018-04-12,653473.0
2018-04-13,653473.0
2018-04-16,653473.0
2018-04-17,653473.0
2018-04-18,653473.0
2018-04-19,653473.0
2018-04-20,653473.0
2018-04-23,653473.0
2018-04-24,653473.0
2018-04-25,653473.0
2018-04-26,653473.0
2018-04-27,653473.0
2018-05-02,653473.0
2018-05-03,653473.0
2018-05-04,653473.0
2018-05-07,653473.0
2018-05-08,653473.0
2018-05-09,653473.0
2018-05-10,653473.0
2018-05-11,653473.0
2018-05-14,653473.0
2018-05-15,653473.0
2018-05-16,653473.0
2018-05-17,653473.0
2018-05-18,653473.0
2018-05-21,653473.0
2018-05-22,653473.0
2018-05-23,653473.0
2018-05-24,653473.0
2018-05-25,653473.0
2018-05-28,653473.0
2018-05-29,653473.0
2018-05-30,653473.0
2018-05-31,653473.0
2018-06-01,653473.0
2018-06-04,653473.0
2018-06-05,653473.0
2018-06-06,653473.0
2018-06-07,653473.0
2018-06-08,653473.0
2018-06-11,653473.0
2018-06-12,653473.0
2018-06-13,653473.0
2018-06-14,653473.0
2018-06-15,653473.0
2018-06-19,653473.0
2018-06-20,653473.0
2018-06-21,653473.0
2018-06-22,653473.0
2018-06-25,653473.0
2018-06-26,653473.0
2018-06-27,653473.0
2018-06-28,653473.0
2018-06-29,653473.0
2018-07-02,653473.0
2018-07-03,653473.0
2018-07-04,653473.0
2018-07-05,653473.0
2018-07-06,653473.0
2018-07-09,653473.0
2018-07-10,653473.0
2018-07-11,653473.0
2018-07-12,653473.0
2018-07-13,653473.0
2018-07-16,653473.0
2018-07-17,653473.0
2018-07-18,653473.0
2018-07-19,653473.0
2018-07-20,653473.0
2018-07-23,653473.0
2018-07-24,653473.0
2018-07-25,653473.0
2018-07-26,653473.0
2018-07-27,653473.0
2018-07-30,653473.0
2018-07-31,653473.0
2018-08-01,653473.0
2018-08-02,653473.0
2018-08-03,653473.0
2018-08-06,653473.0
2018-08-07,653473.0
2018-08-08,653473.0
2018-08-09,653473.0
2018-08-10,653473.0
2018-08-13,653473.0
2018-08-14,653473.0
2018-08-15,653473.0
2018-08-16,653473.0
2018-08-17,653473.0
2018-08-20,653473.0
2018-08-21,653473.0
2018-08-22,653473.0
2018-08-23,653473.0
2018-08-24,653473.0
2018-08-27,653473.0
2018-08-28,653473.0
2018-08-29,653473.0
2018-08-30,653473.0
2018-08-31,653473.0
2018-09-03,653473.0
2018-09-04,653473.0
2018-09-05,653473.0
2018-09-06,653473.0
2018-09-07,653473.0
2018-09-10,653473.0
2018-09-11,653473.0
2018-09-12,653473.0
2018-09-13,653473.0
2018-09-14,653473.0
2018-09-17,653473.0
2018-09-18,653473.0
2018-09-19,653473.0
2018-09-20,653473.0
2018-09-21,653473.0
2018-09-25,653473.0
2018-09-26,653473.0
2018-09-27,653473.0
2018-09-28,653473.0
2018-10-08,653473.0
2018-10-09,653473.0
2018-10-10,653473.0
2018-10-11,653473.0
2018-10-12,653473.0
2018-10-15,653473.0
2018-10-16,653473.0
2018-10-17,653473.0
2018-10-18,653473.0
2018-10-19,653473.0
2018-10-22,653473.0
2018-10-23,653473.0
2018-10-24,653473.0
2018-10-25,653473.0
2018-10-26,653473.0
2018-10-29,653473.0
2018-10-30,653473.0
2018-10-31,653473.0
2018-11-01,653473.0
2018-11-02,653473.0
2018-11-05,653473.0
2018-11-06,653473.0
2018-11-07,653473.0
2018-11-08,653473.0
2018-11-09,653473.0
2018-11-12,653473.0
2018-11-13,653473.0
2018-11-14,653473.0
2018-11-15,653473.0
2018-11-16,653473.0
2018-11-19,653473.0
2018-11-20,653473.0
2018-11-21,653473.0
2018-11-22,653473.0
2018-11-23,653473.0
2018-11-26,653473.0
2018-11-27,653473.0
2018-11-28,653473.0
2018-11-29,653473.0
2018-11-30,653473.0
2018-12-03,653473.0
2018-12-04,653473.0
2018-12-05,653473.0
2018-12-06,653473.0
2018-12-07,653473.0
2018-12-10,653473.0
2018-12-11,653473.0
2018-12-12,653473.0
2018-12-13,653473.0
2018-12-14,653473.0
2018-12-17,653473.0
2018-12-18,653473.0
2018-12-19,653473.0
2018-12-20,653473.0
2018-12-21,653473.0
2018-12-24,653473.0
2018-12-25,653473.0
2018-12-26,653473.0
2018-12-27,653473.0
2018-12-28,653473.0
2019-01-02,653473.0
2019-01-03,653473.0
2019-01-04,653473.0
2019-01-07,653473.0
2019-01-08,653473.0
2019-01-09,653473.0
2019-01-10,653473.0
2019-01-11,653473.0
2019-01-14,653473.0
2019-01-15,653473.0
2019-01-16,653473.0
2019-01-17,653473.0
2019-01-18,653473.0
2019-01-21,653473.0
2019-01-22,653473.0
2019-01-23,653473.0
2019-01-24,653473.0
2019-01-25,653473.0
2019-01-28,653473.0
2019-01-29,653473.0
2019-01-30,653473.0
2019-01-31,653473.0
2019-02-01,653473.0
2019-02-11,653473.0
2019-02-12,653473.0
2019-02-13,653473.0
2019-02-14,653473.0
2019-02-15,653473.0
2019-02-18,653473.0
2019-02-19,653473.0
2019-02-20,653473.0
2019-02-21,653473.0
2019-02-22,653473.0
2019-02-25,653473.0
2019-02-26,642737.98
2019-02-27,632198.98
2019-02-28,642737.98
2019-03-01,657960.98
2019-03-04,665309.26
2019-03-05,664769.46
2019-03-06,666658.76
2019-03-07,653973.46
2019-03-08,627523.26
2019-03-11,631571.76
2019-03-12,634540.66
2019-03-13,635890.16
2019-03-14,636969.76
2019-03-15,645066.76
2019-03-18,664499.56
2019-03-19,658561.76
2019-03-20,659641.36
2019-03-21,656942.36
2019-03-22,655053.06
2019-03-25,634810.56
2019-03-26,632111.56
2019-03-27,640478.46
2019-03-28,639128.96
2019-03-29,666388.86
2019-04-01,681233.36
2019-04-02,680693.56
2019-04-03,688520.66
2019-04-04,698776.86
2019-04-08,699856.46
2019-04-09,701475.86
2019-04-10,705524.36
2019-04-11,691489.56
2019-04-12,689870.16
2019-04-15,689870.16
2019-04-16,717399.96
2019-04-17,714431.06
2019-04-18,711732.06
2019-04-19,721718.36
2019-04-22,703904.96
2019-04-23,705254.46
2019-04-24,703904.96
2019-04-25,691759.46
2019-04-26,682852.76
2019-04-29,693918.66
2019-04-30,695807.96
2019-05-06,657752.06
2019-05-07,661062.38
2019-05-08,661289.93
2019-05-09,655983.48
2019-05-10,655983.48
2019-05-13,648876.53
2019-05-14,645107.33
2019-05-15,661440.53
2019-05-16,665209.73
2019-05-17,651090.69
2019-05-20,648700.81
2019-05-21,648700.81
2019-05-22,645997.08
2019-05-23,633869.28
2019-05-24,634097.22
2019-05-27,634097.22
2019-05-28,638443.4
2019-05-29,638855.8
2019-05-30,638443.4
2019-05-31,636602.71
2019-06-03,636602.71
2019-06-04,636602.71
2019-06-05,636602.71
2019-06-06,636602.71
2019-06-10,636602.71
2019-06-11,636602.71
2019-06-12,631793.41
2019-06-13,630800.94
2019-06-14,630800.94
2019-06-17,630800.94
2019-06-18,630800.94
2019-06-19,630800.94
2019-06-20,652226.4
2019-06-21,653614.5
2019-06-24,654804.3
2019-06-25,647070.6
2019-06-26,647268.9
2019-06-27,655597.5
2019-06-28,655399.2
2019-07-01,674237.7
2019-07-02,675427.5
2019-07-03,668883.6
2019-07-04,663727.8
2019-07-05,667693.8
2019-07-08,649846.8
2019-07-09,648062.1
2019-07-10,648260.4
2019-07-11,648458.7
2019-07-12,654606.0
2019-07-15,657382.2
2019-07-16,654209.4
2019-07-17,653019.6
2019-07-18,648062.1
2019-07-19,655994.1
2019-07-22,643343.52
2019-07-23,651923.42
2019-07-24,660503.32
2019-07-25,665406.12
2019-07-26,667857.52
2019-07-29,664180.42
2019-07-30,673986.02
2019-07-31,669083.22
2019-08-01,667857.52
2019-08-02,659277.62
2019-08-05,644569.22
2019-08-06,634763.62
2019-08-07,632312.22
2019-08-08,642117.82
2019-08-09,638440.72
2019-08-12,651923.42
2019-08-13,647020.62
2019-08-14,654374.82
2019-08-15,662954.72
2019-08-16,667857.52
2019-08-19,698500.02
2019-08-20,692371.52
2019-08-21,687468.72
2019-08-22,689920.12
2019-08-23,692371.52
2019-08-26,683791.62
2019-08-27,696048.62
2019-08-28,691145.82
2019-08-29,687468.72
2019-08-30,686243.02
2019-09-02,709531.32
2019-09-03,713208.42
2019-09-04,715659.82
2019-09-05,726691.12
2019-09-06,731593.92
2019-09-09,757333.62
2019-09-10,751205.12
2019-09-11,742625.22
2019-09-12,745076.62
2019-09-16,745076.62
2019-09-17,729142.52
2019-09-18,726691.12
2019-09-19,737722.42
2019-09-20,735271.02
2019-09-23,726691.12
2019-09-24,735271.02
2019-09-25,724239.72
2019-09-26,705854.22
2019-09-27,713208.42
2019-09-30,699725.72
2019-10-08,694822.92
2019-10-09,698500.02
2019-10-10,719336.92
2019-10-11,721788.32
2019-10-14,726691.12
2019-10-15,718111.22
2019-10-16,715659.82
2019-10-17,716885.52
2019-10-18,710757.02
2019-10-21,707079.92
2019-10-22,718111.22
2019-10-23,708305.62
2019-10-24,709531.32
2019-10-25,719336.92
2019-10-28,732819.62
2019-10-29,723014.02
2019-10-30,723014.02
2019-10-31,719336.92
2019-11-01,730368.22
2019-11-04,734045.32
2019-11-05,742625.22
2019-11-06,738948.12
2019-11-07,742625.22
2019-11-08,745076.62
2019-11-11,727916.82
2019-11-12,724239.72
2019-11-13,730368.22
2019-11-14,736496.72
2019-11-15,731593.92
2019-11-18,735271.02
2019-11-19,762236.42
2019-11-20,757333.62
2019-11-21,753656.52
2019-11-22,738948.12
2019-11-25,734045.32
2019-11-26,737722.42
2019-11-27,738948.12
2019-11-28,738948.12
2019-11-29,731593.92
2019-12-02,734045.32
2019-12-03,738948.12
2019-12-04,740173.82
2019-12-05,757333.62
2019-12-06,765913.52
2019-12-09,761010.72
2019-12-10,772042.02
2019-12-11,764687.82
2019-12-12,765913.52
2019-12-13,786750.42
2019-12-16,795330.32
2019-12-17,805135.92
2019-12-18,801458.82
2019-12-19,801458.82
2019-12-20,791653.22
2019-12-23,776944.82
2019-12-24,795330.32
2019-12-25,803910.22
2019-12-26,808813.02
2019-12-27,795330.32
2019-12-30,808813.02
2019-12-31,810038.72
2020-01-02,824747.12
2020-01-03,822295.72
2020-01-06,830875.62
2020-01-07,840681.22
2020-01-08,828424.22
2020-01-09,852938.22
2020-01-10,851712.52
2020-01-13,865195.22
2020-01-14,860292.42
2020-01-15,859066.72
2020-01-16,862743.82
2020-01-17,862743.82
2020-01-20,887257.82
2020-01-21,878677.92
2020-01-22,898289.12
2020-01-23,871323.72
2020-02-03,800233.12
2020-02-04,861518.12
2020-02-05,875883.66
2020-02-06,890262.36
2020-02-07,889911.66
2020-02-10,889210.26
2020-02-11,900081.96
2020-02-12,904641.06
2020-02-13,899731.26
2020-02-14,905342.46
2020-02-17,924280.26
2020-02-18,915162.06
2020-02-19,915162.06
2020-02-20,934099.86
2020-02-21,930943.56
2020-02-24,919019.76
2020-02-25,910252.26
2020-02-26,908498.76
2020-02-27,909901.56
2020-02-28,880442.76
2020-03-02,910252.26
2020-03-03,913057.86
2020-03-04,924280.26
2020-03-05,947075.76
2020-03-06,928488.66
2020-03-09,896925.66
2020-03-10,914460.66
2020-03-11,901484.76
2020-03-12,888158.16
2020-03-13,874130.16
2020-03-16,835903.86
2020-03-17,831695.46
2020-03-18,811705.56
2020-03-19,792767.76
2020-03-20,813809.76
2020-03-23,788910.06
2020-03-24,814861.86
2020-03-25,835903.86
2020-03-26,832396.86
2020-03-27,837657.36
2020-03-30,833448.96
2020-03-31,831695.46
2020-04-01,830292.66
2020-04-02,842567.16
2020-04-03,838358.76
2020-04-07,855543.06
2020-04-08,850983.96
2020-04-09,854140.26
2020-04-10,853789.56
2020-04-13,849581.16
2020-04-14,865362.66
2020-04-15,858348.66
2020-04-16,859050.06
2020-04-17,873078.06
2020-04-20,876585.06
2020-04-21,865362.66
2020-04-22,872025.96
2020-04-23,870973.86
2020-04-24,863258.46
2020-04-27,872025.96
2020-04-28,879039.96
2020-04-29,885703.26
2020-04-30,893769.36
2020-05-06,892366.56
2020-05-07,890613.06
2020-05-08,897627.06
2020-05-11,897627.06
2020-05-12,896574.96
2020-05-13,896574.96
2020-05-14,889188.35
2020-05-15,893646.75
2020-05-18,884729.95
2020-05-19,896990.55
2020-05-20,886959.15
2020-05-21,882500.75
2020-05-22,859094.15
2020-05-25,863552.55
2020-05-26,889188.35
2020-05-27,872469.35
2020-05-28,865781.75
2020-05-29,874698.55
2020-06-01,909251.15
2020-06-02,903678.15
2020-06-03,899219.75
2020-06-04,903678.15
2020-06-05,912594.95
2020-06-08,904792.75
2020-06-09,919282.55
2020-06-10,930428.55
2020-06-11,936001.55
2020-06-12,946032.95
2020-06-15,943803.75
2020-06-16,963866.55
2020-06-17,961637.35
2020-06-18,968324.95
2020-06-19,993960.75
2020-06-22,1007335.95
2020-06-23,1027398.75
2020-06-24,1026284.15
2020-06-29,1016252.75
2020-06-30,1050805.35
2020-07-01,1038544.75
2020-07-02,1045232.35
2020-07-03,1060836.75
2020-07-06,1095389.35
2020-07-07,1121025.15
2020-07-08,1125145.83
2020-07-09,1125145.83
2020-07-10,1140595.79
2020-07-13,1199535.79
2020-07-14,1182695.79
2020-07-15,1161645.79
2020-07-16,1098899.52
2020-07-17,1107607.32
2020-07-20,1146224.52
2020-07-21,1145467.32
2020-07-22,1147360.32
2020-07-23,1146224.52
2020-07-24,1096627.92
2020-07-27,1100792.52
2020-07-28,1108364.52
2020-07-29,1131080.52
2020-07-30,1125780.12
2020-07-31,1132594.92
2020-08-03,1145088.72
2020-08-04,1156825.32
2020-08-05,1148117.52
2020-08-06,1148874.72
2020-08-07,1137516.72
2020-08-10,1146981.72
2020-08-11,1137138.12
2020-08-12,1133352.12
2020-08-13,1129187.52
2020-08-14,1150767.72
2020-08-17,1179162.72
2020-08-18,1177269.72
2020-08-19,1153796.52
2020-08-20,1139031.12
2020-08-21,1148496.12
2020-08-24,1152282.12
2020-08-25,1157203.92
2020-08-26,1143574.32
2020-08-27,1150767.72
2020-08-28,1181434.32
2020-08-31,1170454.92
2020-09-01,1166318.87
2020-09-02,1166318.87
2020-09-03,1166318.87
2020-09-04,1166318.87
2020-09-07,1129082.39
2020-09-08,1138846.49
2020-09-09,1079176.99
2020-09-10,1062903.49
2020-09-11,1086771.29
2020-09-14,1104129.69
2020-09-15,1113893.79
2020-09-16,1098705.19
2020-09-17,1099790.09
2020-09-18,1120403.19
2020-09-21,1107384.39
2020-09-22,1104129.69
2020-09-23,1124742.79
2020-09-24,1113559.53
2020-09-25,1113559.53
2020-09-28,1113559.53
2020-09-29,1113559.53
2020-09-30,1113559.53
2020-10-09,1117963.13
2020-10-12,1156916.73
2020-10-13,1161127.93
2020-10-14,1154811.13
2020-10-15,1151652.73
2020-10-16,1147967.93
2020-10-19,1139808.73
2020-10-20,1147704.73
2020-10-21,1149283.93
2020-10-22,1145072.73
2020-10-23,1130333.53
2020-10-26,1120858.33
2020-10-27,1124543.13
2020-10-28,1135071.13
2020-10-29,1146651.93
2020-10-30,1122700.73
2020-11-02,1130070.33
2020-11-03,1143493.53
2020-11-04,1153231.93
2020-11-05,1173235.13
2020-11-06,1173761.53
2020-11-09,1199291.93
2020-11-10,1192185.53
2020-11-11,1179815.13
2020-11-12,1179025.53
2020-11-13,1165602.33
2020-11-16,1179551.93
2020-11-17,1177183.13
2020-11-18,1175340.73
2020-11-19,1186395.13
2020-11-20,1190343.13
2020-11-23,1205608.73
2020-11-24,1197186.33
2020-11-25,1180867.93
2020-11-26,1182710.33
2020-11-27,1201397.53
2020-11-30,1194817.53
2020-12-01,1224032.73
2020-12-02,1221137.53
2020-12-03,1220611.13
2020-12-04,1223506.33
2020-12-07,1211925.53
2020-12-08,1207714.33
2020-12-09,1191922.33
2020-12-10,1189290.33
2020-12-11,1174551.13
2020-12-14,1186131.93
2020-12-15,1190079.93
2020-12-16,1192711.93
2020-12-17,1211399.13
2020-12-18,1203766.33
2020-12-21,1215610.33
2020-12-22,1195343.93
2020-12-23,1206135.13
2020-12-24,1206135.13
2020-12-25,1217189.53
2020-12-28,1220874.33
2020-12-29,1216663.13
2020-12-30,1233507.93
2020-12-31,1262196.73
2021-01-04,1274567.13
2021-01-05,1300623.93
2021-01-06,1313520.73
2021-01-07,1344315.13
2021-01-08,1336945.53
2021-01-11,1320363.93
2021-01-12,1362475.93
2021-01-13,1356685.53
2021-01-14,1329575.93
2021-01-15,1325101.53
2021-01-18,1340630.33
2021-01-19,1320890.33
2021-01-20,1328786.33
2021-01-21,1353527.13
2021-01-22,1354316.73
2021-01-25,1375939.21
2021-01-26,1341892.21
2021-01-27,1344162.01
2021-01-28,1315789.51
2021-01-29,1305575.41
2021-02-01,1315789.51
2021-02-02,1323733.81
2021-02-03,1328273.41
2021-02-04,1336974.31
2021-02-05,1354754.41
2021-02-08,1370264.71
2021-02-09,1394475.91
2021-02-10,1422091.81
2021-02-18,1420200.31
2021-02-19,1416795.61
2021-02-22,1369508.11
2021-02-23,1374426.01
2021-02-24,1337352.61
2021-02-25,1358159.11
2021-02-26,1320329.11
2021-03-01,1331678.11
2021-03-02,1306710.31
2021-03-03,1343405.41
2021-03-04,1303305.61
2021-03-05,1295739.61
2021-03-08,1251478.51
2021-03-09,1230293.71
2021-03-10,1237103.11
2021-03-11,1271528.41
2021-03-12,1272663.31
2021-03-15,1250343.61
2021-03-16,1259422.81
2021-03-17,1257153.01
2021-03-18,1262827.51
2021-03-19,1226889.01
2021-03-22,1237103.11
2021-03-23,1229915.41
2021-03-24,1211000.41
2021-03-25,1205720.59
2021-03-26,1205720.59
2021-03-29,1204837.73
2021-03-30,1216304.13
2021-03-31,1206661.93
2021-04-01,1222819.13
2021-04-02,1235588.53
2021-04-06,1228291.73
2021-04-07,1219170.73
2021-04-08,1222037.33
2021-04-09,1203534.73
2021-04-12,1181644.33
2021-04-13,1179820.13
2021-04-14,1187116.93
2021-04-15,1179820.13
2021-04-16,1186339.55
2021-04-19,1210950.95
2021-04-20,1207967.75
2021-04-21,1210205.15
2021-04-22,1203865.85
2021-04-23,1216171.55
2021-04-26,1195289.15
2021-04-27,1207052.49
2021-04-28,1239172.29
2021-04-29,1242006.39
2021-04-30,1261845.09
2021-05-06,1225946.49
2021-05-07,1181545.59
2021-05-10,1192881.99
2021-05-11,1187213.79
2021-05-12,1200439.59
2021-05-13,1194771.39
2021-05-14,1233504.09
2021-05-17,1271292.09
2021-05-18,1262789.79
2021-05-19,1275070.89
2021-05-20,1284517.89
2021-05-21,1271292.09
2021-05-24,1283573.19
2021-05-25,1320416.49
2021-05-26,1308135.39
2021-05-27,1318527.09
2021-05-28,1325139.99
2021-05-31,1362927.99
2021-06-01,1359149.19
2021-06-02,1329863.49
2021-06-03,1313803.59
2021-06-04,1331752.89
2021-06-07,1322305.89
2021-06-08,1310969.49
2021-06-09,1311914.19
2021-06-10,1349702.19
2021-06-11,1359149.19
2021-06-15,1343089.29
2021-06-16,1281683.79
2021-06-17,1312858.89
2021-06-18,1339310.49
2021-06-21,1349702.19
2021-06-22,1356315.09
2021-06-23,1373319.69
2021-06-24,1354425.69
2021-06-25,1387490.19
2021-06-28,1419609.99
2021-06-29,1419609.99
2021-06-30,1454563.89
2021-07-01,1442282.79
2021-07-02,1394103.09
2021-07-05,1402605.39
2021-07-06,1377098.49
2021-07-07,1432835.79
2021-07-08,1438503.99
2021-07-09,1431891.09
2021-07-12,1487628.39
2021-07-13,1471568.49
2021-07-14,1461176.79
2021-07-15,1485738.99
2021-07-16,1436614.59
2021-07-19,1444172.19
2021-07-20,1450785.09
2021-07-21,1497075.39
2021-07-22,1494241.29
2021-07-23,1459287.39
2021-07-26,1408273.59
2021-07-27,1350646.89
2021-07-28,1372374.99
2021-07-29,1456453.29
2021-07-30,1443227.49
2021-08-02,1490111.88
2021-08-03,1496093.88
2021-08-04,1501078.88
2021-08-05,1498087.88
2021-08-06,1485126.88
2021-08-09,1503072.88
2021-08-10,1529991.88
2021-08-11,1516532.38
2021-08-12,1499583.38
2021-08-13,1496093.88
2021-08-16,1500081.88
2021-08-17,1460201.88
2021-08-18,1481138.88
2021-08-19,1472698.5
2021-08-20,1443268.5
2021-08-23,1466812.5
2021-08-24,1483816.5
2021-08-25,1488394.5
2021-08-26,1460599.5
2021-08-27,1464850.5
2021-08-30,1458964.5
2021-08-31,1458310.5
2021-09-01,1481200.5
2021-09-02,1479892.5
2021-09-03,1471063.5
2021-09-06,1498531.5
2021-09-07,1519132.5
2021-09-08,1512265.5
2021-09-09,1511611.5
2021-09-10,1527634.5
2021-09-13,1518805.5
2021-09-14,1497223.5
2021-09-15,1479892.5
2021-09-16,1461580.5
2021-09-17,1474333.5
2021-09-22,1463542.5
2021-09-23,1473025.5
2021-09-24,1475314.5
2021-09-27,1485778.5
2021-09-28,1482835.5
2021-09-29,1472044.5
2021-09-30,1476622.5
2021-10-08,1499839.5
2021-10-11,1499512.5
2021-10-12,1482508.5
2021-10-13,1500820.5
2021-10-14,1491991.5
2021-10-15,1499839.5
2021-10-18,1480873.5
2021-10-19,1496242.5
2021-10-20,1491664.5
2021-10-21,1498858.5
2021-10-22,1509649.5
2021-10-25,1515208.5
2021-10-26,1509649.5
2021-10-27,1488067.5
2021-10-28,1481200.5
2021-10-29,1491664.5
2021-11-01,1486432.5
2021-11-02,1469428.5
2021-11-03,1462888.5
2021-11-04,1478257.5
2021-11-05,1472698.5
2021-11-08,1471390.5
2021-11-09,1470736.5
2021-11-10,1462561.5
2021-11-11,1488721.5
2021-11-12,1488067.5
2021-11-15,1486105.5
2021-11-16,1484797.5
2021-11-17,1484470.5
2021-11-18,1470082.5
2021-11-19,1483182.57
2021-11-22,1527102.57
2021-11-23,1521246.57
2021-11-24,1511486.57
2021-11-25,1510510.57
2021-11-26,1512462.57
2021-11-29,1526126.57
2021-11-30,1520270.57
2021-12-01,1506606.57
2021-12-02,1511486.57
2021-12-03,1513438.57
2021-12-06,1480254.57
2021-12-07,1463662.57
2021-12-08,1486110.57
2021-12-09,1500750.57
2021-12-10,1510510.57
2021-12-13,1518318.57
2021-12-14,1515390.57
2021-12-15,1501726.57
2021-12-16,1515390.57
2021-12-17,1490014.57
2021-12-20,1444142.57
2021-12-21,1445118.57
2021-12-22,1449998.57
2021-12-23,1452926.57
2021-12-24,1418766.57
2021-12-27,1415838.57
2021-12-28,1432430.57
2021-12-29,1409982.57
2021-12-30,1426574.57
2021-12-31,1426574.57
2022-01-04,1386558.57
2022-01-05,1344590.57
2022-01-06,1334430.02
2022-01-07,1334430.02
2022-01-10,1334430.02
2022-01-11,1334430.02
2022-01-12,1358907.19
2022-01-13,1339005.19
2022-01-14,1351941.49
2022-01-17,1378809.19
2022-01-18,1363882.69
2022-01-19,1333034.59
2022-01-20,1332039.49
2022-01-21,1320098.29
2022-01-24,1332039.49
2022-01-25,1321691.74
2022-01-26,1321691.74
2022-01-27,1321691.74
2022-01-28,1321691.74
2022-02-07,1321691.74
2022-02-08,1321691.74
2022-02-09,1321691.74
2022-02-10,1321691.74
2022-02-11,1321691.74
2022-02-14,1321691.74
2022-02-15,1321691.74
2022-02-16,1321691.74
2022-02-17,1321691.74
2022-02-18,1321691.74
2022-02-21,1321691.74
2022-02-22,1321691.74
2022-02-23,1321691.74
2022-02-24,1321691.74
2022-02-25,1321691.74
2022-02-28,1321691.74
2022-03-01,1321691.74
2022-03-02,1321691.74
2022-03-03,1321691.74
2022-03-04,1321691.74
2022-03-07,1321691.74
2022-03-08,1321691.74
2022-03-09,1321691.74
2022-03-10,1321691.74
2022-03-11,1321691.74
2022-03-14,1321691.74
2022-03-15,1321691.74
2022-03-16,1321691.74
2022-03-17,1321691.74
2022-03-18,1321691.74
2022-03-21,1321691.74
2022-03-22,1321691.74
2022-03-23,1321691.74
2022-03-24,1321691.74
2022-03-25,1321691.74
2022-03-28,1321691.74
2022-03-29,1321691.74
2022-03-30,1321691.74
2022-03-31,1321691.74
2022-04-01,1321691.74
2022-04-06,1321691.74
2022-04-07,1321691.74
2022-04-08,1321691.74
2022-04-11,1321691.74
2022-04-12,1321691.74
2022-04-13,1321691.74
2022-04-14,1321691.74
2022-04-15,1321691.74
2022-04-18,1321691.74
2022-04-19,1321691.74
2022-04-20,1321691.74
2022-04-21,1321691.74
2022-04-22,1321691.74
2022-04-25,1321691.74
2022-04-26,1321691.74
2022-04-27,1321691.74
2022-04-28,1321691.74
2022-04-29,1321691.74
2022-05-05,1321691.74
2022-05-06,1321691.74
2022-05-09,1321691.74
2022-05-10,1321691.74
2022-05-11,1321691.74
2022-05-12,1321691.74
2022-05-13,1321691.74
2022-05-16,1321691.74
2022-05-17,1321691.74
2022-05-18,1321691.74
2022-05-19,1321691.74
2022-05-20,1321691.74
2022-05-23,1321691.74
2022-05-24,1321691.74
2022-05-25,1321691.74
2022-05-26,1321691.74
2022-05-27,1321691.74
2022-05-30,1321691.74
2022-05-31,1321691.74
2022-06-01,1321691.74
2022-06-02,1321691.74
2022-06-06,1321691.74
2022-06-07,1321691.74
2022-06-08,1321691.74
2022-06-09,1321691.74
2022-06-10,1321691.74
2022-06-13,1321691.74
2022-06-14,1321691.74
2022-06-15,1321691.74
2022-06-16,1321691.74
2022-06-17,1321691.74
2022-06-20,1321691.74
2022-06-21,1321691.74
2022-06-22,1321691.74
2022-06-23,1321691.74
2022-06-24,1321691.74
2022-06-27,1321691.74
2022-06-28,1321691.74
2022-06-29,1321691.74
2022-06-30,1321691.74
2022-07-01,1321691.74
2022-07-04,1321691.74
2022-07-05,1321691.74
2022-07-06,1321691.74
2022-07-07,1321691.74
2022-07-08,1321691.74
2022-07-11,1321691.74
2022-07-12,1321691.74
2022-07-13,1321691.74
2022-07-14,1321691.74
2022-07-15,1321691.74
2022-07-18,1321691.74
2022-07-19,1321691.74
2022-07-20,1321691.74
2022-07-21,1321691.74
2022-07-22,1321691.74
2022-07-25,1321691.74
2022-07-26,1321691.74
2022-07-27,1321691.74
2022-07-28,1321691.74
2022-07-29,1321691.74
2022-08-01,1321691.74
2022-08-02,1321691.74
2022-08-03,1321691.74
2022-08-04,1321691.74
2022-08-05,1321691.74
2022-08-08,1321691.74
2022-08-09,1321691.74
2022-08-10,1321691.74
2022-08-11,1321691.74
2022-08-12,1321691.74
2022-08-15,1321691.74
2022-08-16,1321691.74
2022-08-17,1321691.74
2022-08-18,1321691.74
2022-08-19,1321691.74
2022-08-22,1321691.74
2022-08-23,1321691.74
2022-08-24,1321691.74
2022-08-25,1321691.74
2022-08-26,1321691.74
2022-08-29,1321691.74
2022-08-30,1321691.74
2022-08-31,1321691.74
2022-09-01,1321691.74
2022-09-02,1321691.74
2022-09-05,1321691.74
2022-09-06,1321691.74
2022-09-07,1321691.74
2022-09-08,1321691.74
2022-09-09,1321691.74
2022-09-13,1321691.74
2022-09-14,1321691.74
2022-09-15,1321691.74
2022-09-16,1321691.74
2022-09-19,1321691.74
2022-09-20,1321691.74
2022-09-21,1321691.74
2022-09-22,1321691.74
2022-09-23,1321691.74
2022-09-26,1321691.74
2022-09-27,1321691.74
2022-09-28,1321691.74
2022-09-29,1321691.74
2022-09-30,1321691.74
2022-10-10,1321691.74
2022-10-11,1321691.74
2022-10-12,1321691.74
2022-10-13,1321691.74
2022-10-14,1321691.74
2022-10-17,1321691.74
2022-10-18,1321691.74
2022-10-19,1321691.74
2022-10-20,1321691.74
2022-10-21,1321691.74
2022-10-24,1321691.74
2022-10-25,1321691.74
2022-10-26,1321691.74
2022-10-27,1321691.74
2022-10-28,1321691.74
2022-10-31,1321691.74
2022-11-01,1321691.74
2022-11-02,1321691.74
2022-11-03,1321691.74
2022-11-04,1321691.74
2022-11-07,1321691.74
2022-11-08,1321691.74
2022-11-09,1321691.74
2022-11-10,1321691.74
2022-11-11,1321691.74
2022-11-14,1321691.74
2022-11-15,1321691.74
2022-11-16,1321691.74
2022-11-17,1321691.74
2022-11-18,1321691.74
2022-11-21,1321691.74
2022-11-22,1321691.74
2022-11-23,1321691.74
2022-11-24,1321691.74
2022-11-25,1321691.74
2022-11-28,1321691.74
2022-11-29,1321691.74
2022-11-30,1321691.74
2022-12-01,1321691.74
2022-12-02,1321691.74
2022-12-05,1321691.74
2022-12-06,1321691.74
2022-12-07,1321691.74
2022-12-08,1321691.74
2022-12-09,1321691.74
2022-12-12,1321691.74
2022-12-13,1321691.74
2022-12-14,1321691.74
2022-12-15,1321691.74
2022-12-16,1321691.74
2022-12-19,1321691.74
2022-12-20,1321691.74
2022-12-21,1321691.74
2022-12-22,1321691.74
2022-12-23,1321691.74
2022-12-26,1321691.74
2022-12-27,1321691.74
2022-12-28,1321691.74
2022-12-29,1321691.74
2022-12-30,1321691.74
2023-01-03,1321691.74
2023-01-04,1321691.74
2023-01-05,1321691.74
2023-01-06,1321691.74
2023-01-09,1321691.74
2023-01-10,1321691.74
2023-01-11,1321691.74
2023-01-12,1321691.74
2023-01-13,1321691.74
2023-01-16,1345325.25
2023-01-17,1348929.75
2023-01-18,1346526.75
2023-01-19,1364549.25
2023-01-20,1370556.75
2023-01-30,1383773.25
2023-01-31,1368153.75
2023-02-01,1387377.75
2023-02-02,1375362.75
2023-02-03,1359743.25
2023-02-06,1336914.75
2023-02-07,1334511.75
2023-02-08,1327302.75
2023-02-09,1352534.25
2023-02-10,1338116.25
2023-02-13,1348929.75
2023-02-14,1342922.25
2023-02-15,1329705.75
2023-02-16,1314086.25
2023-02-17,1279242.75
2023-02-20,1274054.31
2023-02-21,1274054.31
2023-02-22,1274054.31
2023-02-23,1274054.31
2023-02-24,1255745.62
2023-02-27,1247379.92
2023-02-28,1258135.82
2023-03-01,1261721.12
2023-03-02,1246184.82
2023-03-03,1250965.22
2023-03-06,1256940.72
2023-03-07,1231843.62
2023-03-08,1229453.42
2023-03-09,1225868.12
2023-03-10,1225868.12
2023-03-13,1215112.22
2023-03-14,1205551.42
2023-03-15,1199575.92
2023-03-16,1184039.62
2023-03-17,1175673.92
2023-03-20,1178064.12
2023-03-21,1203161.22
2023-03-22,1205189.66
2023-03-23,1205189.66
2023-03-24,1205189.66
2023-03-27,1205189.66
2023-03-28,1205189.66
2023-03-29,1205189.66
2023-03-30,1205189.66
2023-03-31,1205189.66
2023-04-03,1205189.66
2023-04-04,1205189.66
2023-04-06,1205189.66
2023-04-07,1205189.66
2023-04-10,1205189.66
2023-04-11,1205189.66
2023-04-12,1205189.66
2023-04-13,1205189.66
2023-04-14,1205189.66
2023-04-17,1205189.66
2023-04-18,1205189.66
2023-04-19,1205189.66
2023-04-20,1205189.66
2023-04-21,1205189.66
2023-04-24,1205189.66
2023-04-25,1205189.66
2023-04-26,1205189.66
2023-04-27,1205189.66
2023-04-28,1205189.66
2023-05-04,1205189.66
2023-05-05,1205189.66
2023-05-08,1205189.66
2023-05-09,1205189.66
2023-05-10,1205189.66
2023-05-11,1205189.66
2023-05-12,1205189.66
2023-05-15,1205189.66
2023-05-16,1205189.66
2023-05-17,1205189.66
2023-05-18,1205189.66
2023-05-19,1205189.66
2023-05-22,1205189.66
2023-05-23,1205189.66
2023-05-24,1205189.66
2023-05-25,1205189.66
2023-05-26,1205189.66
2023-05-29,1205189.66
2023-05-30,1205189.66
2023-05-31,1205189.66
2023-06-01,1205189.66
2023-06-02,1205189.66
2023-06-05,1205189.66
2023-06-06,1205189.66
2023-06-07,1205189.66
2023-06-08,1205189.66
2023-06-09,1205189.66
2023-06-12,1205189.66
2023-06-13,1205189.66
2023-06-14,1205189.66
2023-06-15,1205189.66
2023-06-16,1205189.66
2023-06-19,1205189.66
2023-06-20,1205189.66
2023-06-21,1205189.66
2023-06-26,1205189.66
2023-06-27,1205189.66
2023-06-28,1205189.66
2023-06-29,1205189.66
2023-06-30,1205189.66
2023-07-03,1205189.66
2023-07-04,1205189.66
2023-07-05,1205189.66
2023-07-06,1205189.66
2023-07-07,1205189.66
2023-07-10,1205189.66
2023-07-11,1205189.66
2023-07-12,1205189.66
2023-07-13,1205189.66
2023-07-14,1205189.66
2023-07-17,1205189.66
2023-07-18,1205189.66
2023-07-19,1205189.66
2023-07-20,1205189.66
2023-07-21,1205189.66
2023-07-24,1205189.66
2023-07-25,1205189.66
2023-07-26,1205189.66
2023-07-27,1205189.66
2023-07-28,1205189.66
2023-07-31,1205189.66
2023-08-01,1205189.66
2023-08-02,1205189.66
2023-08-03,1205189.66
2023-08-04,1205189.66
2023-08-07,1205189.66
2023-08-08,1205189.66
2023-08-09,1205189.66
2023-08-10,1205189.66
2023-08-11,1205189.66
2023-08-14,1205189.66
2023-08-15,1205189.66
2023-08-16,1205189.66
2023-08-17,1205189.66
2023-08-18,1205189.66
2023-08-21,1205189.66
2023-08-22,1205189.66
2023-08-23,1205189.66
2023-08-24,1205189.66
2023-08-25,1205189.66
2023-08-28,1205189.66
2023-08-29,1205189.66
2023-08-30,1205189.66
2023-08-31,1205189.66
2023-09-01,1205189.66
2023-09-04,1205189.66
2023-09-05,1205189.66
2023-09-06,1205189.66
2023-09-07,1205189.66
2023-09-08,1205189.66
2023-09-11,1205189.66
2023-09-12,1205189.66
2023-09-13,1205189.66
2023-09-14,1205189.66
2023-09-15,1205189.66
2023-09-18,1205189.66
2023-09-19,1205189.66
2023-09-20,1205189.66
2023-09-21,1205189.66
2023-09-22,1205189.66
2023-09-25,1205189.66
2023-09-26,1205189.66
2023-09-27,1205189.66
2023-09-28,1205189.66
2023-10-09,1205189.66
2023-10-10,1205189.66
2023-10-11,1205189.66
2023-10-12,1205189.66
2023-10-13,1205189.66
2023-10-16,1205189.66
2023-10-17,1205189.66
2023-10-18,1205189.66
2023-10-19,1205189.66
2023-10-20,1205189.66
2023-10-23,1205189.66
2023-10-24,1205189.66
2023-10-25,1205189.66
2023-10-26,1205189.66
2023-10-27,1205189.66
2023-10-30,1205189.66
2023-10-31,1205189.66
2023-11-01,1205189.66
2023-11-02,1205189.66
2023-11-03,1205189.66
2023-11-06,1205189.66
2023-11-07,1205189.66
2023-11-08,1205189.66
2023-11-09,1205189.66
2023-11-10,1205189.66
2023-11-13,1205189.66
2023-11-14,1205189.66
2023-11-15,1205189.66
2023-11-16,1205189.66
2023-11-17,1205189.66
2023-11-20,1205189.66
2023-11-21,1205189.66
2023-11-22,1205189.66
2023-11-23,1205189.66
2023-11-24,1205189.66
2023-11-27,1205189.66
2023-11-28,1205189.66
2023-11-29,1205189.66
2023-11-30,1205189.66
2023-12-01,1205189.66
2023-12-04,1205189.66
2023-12-05,1205189.66
2023-12-06,1205189.66
2023-12-07,1205189.66
2023-12-08,1205189.66
2023-12-11,1205189.66
2023-12-12,1205189.66
2023-12-13,1205189.66
2023-12-14,1205189.66
2023-12-15,1205189.66
2023-12-18,1205189.66
2023-12-19,1205189.66
2023-12-20,1205189.66
2023-12-21,1205189.66
2023-12-22,1205189.66
2023-12-25,1205189.66
2023-12-26,1205189.66
2023-12-27,1205189.66
2023-12-28,1205189.66
2023-12-29,1205189.66
2024-01-02,1205189.66
2024-01-03,1205189.66
2024-01-04,1205189.66
2024-01-05,1205189.66
2024-01-08,1205189.66
2024-01-09,1205189.66
2024-01-10,1205189.66
2024-01-11,1205189.66
2024-01-12,1205189.66
2024-01-15,1205189.66
2024-01-16,1205189.66
2024-01-17,1205189.66
2024-01-18,1205189.66
2024-01-19,1205189.66
2024-01-22,1205189.66
2024-01-23,1205189.66
2024-01-24,1205189.66
2024-01-25,1205189.66
2024-01-26,1205189.66
2024-01-29,1205189.66
2024-01-30,1205189.66
2024-01-31,1205189.66
2024-02-01,1205189.66
2024-02-02,1205189.66
2024-02-05,1205189.66
2024-02-06,1205189.66
2024-02-07,1205189.66
2024-02-08,1205189.66
2024-02-19,1205189.66
2024-02-20,1205189.66
2024-02-21,1205189.66
2024-02-22,1205189.66
2024-02-23,1205189.66
2024-02-26,1205189.66
2024-02-27,1205189.66
2024-02-28,1205189.66
2024-02-29,1205189.66
2024-03-01,1205189.66
2024-03-04,1205189.66
2024-03-05,1205189.66
2024-03-06,1205189.66
2024-03-07,1205189.66
2024-03-08,1205189.66
2024-03-11,1205189.66
2024-03-12,1205189.66
2024-03-13,1205189.66
2024-03-14,1205189.66
2024-03-15,1205189.66
2024-03-18,1205189.66
2024-03-19,1205189.66
2024-03-20,1205189.66
2024-03-21,1205189.66
2024-03-22,1205189.66
2024-03-25,1205189.66
2024-03-26,1205189.66
2024-03-27,1205189.66
2024-03-28,1205189.66
2024-03-29,1205189.66
2024-04-01,1205189.66
2024-04-02,1205189.66
2024-04-03,1205189.66
2024-04-08,1205189.66
2024-04-09,1205189.66
2024-04-10,1205189.66
2024-04-11,1205189.66
2024-04-12,1205189.66
2024-04-15,1205189.66
2024-04-16,1205189.66
2024-04-17,1205189.66
2024-04-18,1205189.66
2024-04-19,1205189.66
2024-04-22,1205189.66
2024-04-23,1205189.66
2024-04-24,1205189.66
2024-04-25,1205189.66
2024-04-26,1205189.66
2024-04-29,1205189.66
2024-04-30,1205189.66
2024-05-06,1205189.66
2024-05-07,1206582.66
2024-05-08,1203765.07
2024-05-09,1203765.07
2024-05-10,1203765.07
2024-05-13,1203765.07
2024-05-14,1203765.07
2024-05-15,1203765.07
2024-05-16,1203765.07
2024-05-17,1203765.07
2024-05-20,1203765.07
2024-05-21,1203765.07
2024-05-22,1203765.07
2024-05-23,1203765.07
2024-05-24,1203765.07
2024-05-27,1203765.07
2024-05-28,1203765.07
2024-05-29,1203765.07
2024-05-30,1203765.07
2024-05-31,1203765.07
2024-06-03,1203765.07
2024-06-04,1203765.07
2024-06-05,1203765.07
2024-06-06,1203765.07
2024-06-07,1203765.07
2024-06-11,1203765.07
2024-06-12,1203765.07
2024-06-13,1203765.07
2024-06-14,1203765.07
2024-06-17,1203765.07
2024-06-18,1203765.07
2024-06-19,1203765.07
2024-06-20,1203765.07
2024-06-21,1203765.07
2024-06-24,1203765.07
2024-06-25,1203765.07
2024-06-26,1203765.07
2024-06-27,1203765.07
2024-06-28,1203765.07
2024-07-01,1203765.07
2024-07-02,1203765.07
2024-07-03,1203765.07
2024-07-04,1203765.07
2024-07-05,1203765.07
2024-07-08,1203765.07
2024-07-09,1203765.07
2024-07-10,1203765.07
2024-07-11,1203765.07
2024-07-12,1203765.07
2024-07-15,1203765.07
2024-07-16,1203765.07
2024-07-17,1203765.07
2024-07-18,1203765.07
2024-07-19,1203765.07
2024-07-22,1203765.07
2024-07-23,1203765.07
2024-07-24,1203765.07
2024-07-25,1203765.07
2024-07-26,1203765.07
2024-07-29,1203765.07
2024-07-30,1203765.07
2024-07-31,1203765.07
2024-08-01,1203765.07
2024-08-02,1203765.07
2024-08-05,1203765.07
2024-08-06,1203765.07
2024-08-07,1203765.07
2024-08-08,1203765.07
2024-08-09,1203765.07
2024-08-12,1203765.07
2024-08-13,1203765.07
2024-08-14,1203765.07
2024-08-15,1203765.07
2024-08-16,1203765.07
2024-08-19,1203765.07
2024-08-20,1203765.07
2024-08-21,1203765.07
2024-08-22,1203765.07
2024-08-23,1203765.07
2024-08-26,1203765.07
2024-08-27,1203765.07
2024-08-28,1203765.07
2024-08-29,1203765.07
2024-08-30,1203765.07
2024-09-02,1203765.07
2024-09-03,1203765.07
2024-09-04,1203765.07
2024-09-05,1203765.07
2024-09-06,1203765.07
2024-09-09,1203765.07
2024-09-10,1203765.07
2024-09-11,1203765.07
2024-09-12,1203765.07
2024-09-13,1203765.07
2024-09-18,1203765.07
2024-09-19,1203765.07
2024-09-20,1203765.07
2024-09-23,1203765.07
2024-09-24,1203765.07
2024-09-25,1203765.07
2024-09-26,1203765.07
2024-09-27,1316105.56
2024-09-30,1579075.96
2024-10-08,1895266.56
2024-10-09,1600990.16
2024-10-10,1635061.99
2024-10-11,1600151.79
2024-10-14,1620014.49
2024-10-15,1578483.39
2024-10-16,1576075.79
2024-10-17,1550795.99
2024-10-18,1600753.69
2024-10-21,1597744.19
2024-10-22,1604365.09
2024-10-23,1613995.49
2024-10-24,1597142.29
2024-10-25,1599549.89
2024-10-28,1600753.69
2024-10-29,1591123.29
2024-10-30,1569454.89
2024-10-31,1568251.09
2024-11-01,1580890.99
2024-11-04,1594734.69
2024-11-05,1628441.09
2024-11-06,1614597.39
2024-11-07,1679000.69
2024-11-08,1653118.99
2024-11-11,1642284.79
2024-11-12,1617004.99
2024-11-13,1626635.39
2024-11-14,1612189.79
2024-11-15,1590521.39
2024-11-18,1597744.19
2024-11-19,1590521.39
2024-11-20,1594132.79
2024-11-21,1598346.09
2024-11-22,1549592.19
2024-11-25,1535748.49
2024-11-26,1541767.49
2024-11-27,1561028.29
2024-11-28,1553203.59
2024-11-29,1562833.99
2024-12-02,1569454.89
2024-12-03,1577881.49
2024-12-04,1576075.79
2024-12-05,1568852.99
2024-12-06,1586308.09
2024-12-09,1588113.79
2024-12-10,1603161.29
2024-12-11,1592327.09
2024-12-12,1610985.99
2024-12-13,1570658.69
2024-12-16,1568251.09
2024-12-17,1576677.69
2024-12-18,1588113.79
2024-12-19,1582094.79
2024-12-20,1577279.59
2024-12-23,1591123.29
2024-12-24,1608578.39
2024-12-25,1615199.29
2024-12-26,1610985.99
2024-12-27,1609180.29
2024-12-30,1620616.39
2024-12-31,1599549.89
2025-01-02,1556814.99
2025-01-03,1541165.59
2025-01-06,1534544.69
2025-01-07,1543573.19
2025-01-08,1547184.59
2025-01-09,1539359.89
2025-01-10,1525516.19
2025-01-13,1520700.99
2025-01-14,1547786.49
2025-01-15,1544175.09
2025-01-16,1538757.99
2025-01-17,1538757.99
2025-01-20,1542369.39
2025-01-21,1540563.69
2025-01-22,1520700.99
2025-01-23,1530331.39
2025-01-24,1539359.89
2025-01-27,1542369.39
2025-02-05,1527923.79
2025-02-06,1539359.89
2025-02-07,1557416.89
2025-02-10,1563435.89
2025-02-11,1559222.59
2025-02-12,1575473.89
2025-02-13,1571254.16
2025-02-14,1583683.16
2025-02-17,1586583.26
2025-02-18,1574568.56
2025-02-19,1583268.86
2025-02-20,1578297.26
2025-02-21,1600669.46
2025-02-24,1595283.56
2025-02-25,1578297.26
2025-02-26,1591969.16
2025-02-27,1597355.06
2025-02-28,1567111.16
2025-03-03,1561725.26
2025-03-04,1560068.06
2025-03-05,1567111.16
2025-03-06,1589897.66
2025-03-07,1585754.66
2025-03-10,1579125.86
2025-03-11,1584097.46
2025-03-12,1584864.7
2025-03-13,1584864.7
2025-03-14,1584864.7
2025-03-17,1584864.7
2025-03-18,1584864.7
2025-03-19,1584864.7
2025-03-20,1584864.7
2025-03-21,1584864.7
2025-03-24,1584864.7
2025-03-25,1584864.7
2025-03-26,1584864.7
2025-03-27,1584864.7
2025-03-28,1584864.7
2025-03-31,1584864.7
2025-04-01,1584864.7
2025-04-02,1584864.7
2025-04-03,1584864.7
2025-04-07,1584864.7
2025-04-08,1584864.7
2025-04-09,1584864.7
2025-04-10,1569058.05
2025-04-11,1593971.25
2025-04-14,1599720.45
2025-04-15,1599720.45
2025-04-16,1580556.45
2025-04-17,1582472.85
2025-04-18,1592054.85
2025-04-21,1615051.65
2025-04-22,1611218.85
2025-04-23,1634215.65
2025-04-24,1620800.85
2025-04-25,1636132.05
2025-04-28,1637556.89
2025-04-29,1637556.89
2025-04-30,1637556.89
2025-05-06,1637556.89
2025-05-07,1637556.89
2025-05-08,1637556.89
2025-05-09,1622461.65
2025-05-12,1671750.15
2025-05-13,1668099.15
2025-05-14,1690005.15
2025-05-15,1677357.03
2025-05-16,1661954.53
2025-05-19,1656409.63
2025-05-20,1663186.73
2025-05-21,1671196.03
2025-05-22,1673044.33
2025-05-23,1660106.23
2025-05-26,1653329.13
2025-05-27,1652217.13
2025-05-28,1652217.13
2025-05-29,1652217.13
2025-05-30,1652217.13
2025-06-03,1652217.13
2025-06-04,1652217.13
2025-06-05,1652217.13
2025-06-06,1651284.03
2025-06-09,1655221.53
2025-06-10,1645159.03
2025-06-11,1645540.13
2025-06-12,1648522.5
2025-06-13,1637225.5
2025-06-16,1641570.5
2025-06-17,1641136.0
2025-06-18,1642439.5
2025-06-19,1628970.0
2025-06-20,1628046.82
2025-06-23,1628046.82
2025-06-24,1628046.82
2025-06-25,1680472.42
2025-06-26,1668125.82
2025-06-27,1676944.82
2025-06-30,1701638.02
2025-07-01,1694582.82
2025-07-02,1673417.22
2025-07-03,1710457.02
2025-07-04,1706929.42
2025-07-07,1685763.82
2025-07-08,1726331.22
2025-07-09,1733386.42
2025-07-10,1740441.62
2025-07-11,1751024.42
2025-07-14,1743969.22
2025-07-15,1781009.02
2025-07-16,1773953.82
2025-07-17,1809229.82
2025-07-18,1816285.02
2025-07-21,1830395.42
2025-07-22,1839214.42
2025-07-23,1839214.42
2025-07-24,1865671.42
2025-07-25,1860380.02
2025-07-28,1885073.22
2025-07-29,1922113.02
2025-07-30,1893892.22
2025-07-31,1851561.02
2025-08-01,1846269.62
2025-08-04,1855088.62
2025-08-05,1863907.62
2025-08-06,1874490.42
2025-08-07,1858616.22
2025-08-08,1855088.62
2025-08-11,1895656.02
2025-08-12,1922113.02
2025-08-13,1997956.42
2025-08-14,1985609.82
2025-08-15,2040287.62
2025-08-18,2096729.22
2025-08-19,2098493.02
2025-08-20,2107312.02
2025-08-21,2091437.82
2025-08-22,2172572.62
2025-08-25,2232541.82
2025-08-26,2218431.42
2025-08-27,2204321.02
2025-08-28,2308385.22
2025-08-29,2366590.62
2025-09-01,2423032.22
2025-09-02,2356007.82
2025-09-03,2387756.22
2025-09-04,2378588.45
2025-09-05,2409193.65
2025-09-08,2405166.65
2025-09-09,2398723.45
2025-09-10,2409193.65
2025-09-11,2449463.65
2025-09-12,2434966.45
2025-09-15,2429328.65
2025-09-16,2417247.65
2025-09-17,2422080.05
2025-09-18,2389864.05
2025-09-19,2387447.85
2025-09-22,2394696.45
2025-09-23,2394696.45
2025-09-24,2409193.65
2025-09-25,2421274.65
2025-09-26,2413220.65
2025-09-29,2438993.45
2025-09-30,2452685.25
2025-10-09,2480874.25
2025-10-10,2441409.65
2025-10-13,2432550.25
2025-10-14,2431744.85
2025-10-15,2462350.05
2025-10-16,2479263.45
2025-10-17,2439798.85
2025-10-20,2440604.25
2025-10-21,2467182.45
2025-10-22,2470404.05
2025-10-23,2485706.65
2025-10-24,2505841.65
2025-10-27,2525171.25
2025-10-28,2509063.25
2025-10-29,2520338.85
2025-10-30,2506647.05
2025-10-31,2480068.85
2025-11-03,2480874.25
2025-11-04,2476847.25
2025-11-05,2472014.85
2025-11-06,2504230.85
2025-11-07,2501009.25
2025-11-10,2513090.25
2025-11-11,2496176.85
2025-11-12,2509868.65
2025-11-13,2529198.25
2025-11-14,2498593.05
2025-11-17,2479263.45
2025-11-18,2472014.85
2025-11-19,2484095.85
2025-11-20,2476847.25
2025-11-21,2432550.25
2025-11-24,2426912.45
2025-11-25,2439798.85
2025-11-26,2443020.45
2025-11-27,2441409.65
2025-11-28,2442215.05
2025-12-01,2461544.65
2025-12-02,2449463.65
2025-12-03,2438188.05
2025-12-04,2444631.25
2025-12-05,2467987.85
2025-12-08,2540230.26
2025-12-09,2548533.76
2025-12-10,2543551.66
2025-12-11,2508676.96
2025-12-12,2535248.16
2025-12-15,2482105.76
2025-12-16,2428963.36
2025-12-17,2518641.16
2025-12-18,2455534.56
2025-12-19,2465498.76
2025-12-22,2525283.96
2025-12-23,2540230.26
2025-12-24,2555176.56
2025-12-25,2560158.66
2025-12-26,2563480.06
2025-12-29,2543551.66
2025-12-30,2563480.06
2025-12-31,2526944.66
2026-01-05,2600015.46
2026-01-06,2611640.36
2026-01-07,2619943.86
2026-01-08,2590051.26
2026-01-09,2601676.16
2026-01-12,2641532.96
2026-01-13,2590051.26
2026-01-14,2608318.96
2026-01-15,2626586.66
2026-01-16,2626586.66
2026-01-19,2595033.36
2026-01-20,2546873.06
2026-01-21,2560158.66
2026-01-22,2586729.86
2026-01-23,2593372.66
2026-01-26,2571783.56
2026-01-27,2595033.36
2026-01-28,2578426.36
2026-01-29,2568462.16
2026-01-30,2618283.16
2026-02-02,2555176.56
2026-02-03,2598354.76
2026-02-04,2581747.76
2026-02-05,2540230.26
2026-02-06,2521962.56
2026-02-09,2603336.86
2026-02-10,2598354.76
2026-02-11,2556837.26
2026-02-12,2590051.26
2026-02-13,2551855.16
2026-02-24,2585069.16
2026-02-25,2616622.46
2026-02-26,2608318.96
2026-02-27,2570122.86
2026-03-02,2563480.06
2026-03-03,2505355.56
2026-03-04,2467159.46
2026-03-05,2508676.96
2026-03-06,2513659.06
2026-03-09,2497052.06
2026-03-10,2575104.96
2026-03-11,2614961.76
2026-03-12,2588390.56
2026-03-13,2583408.46
2026-03-16,2623265.26
2026-03-17,2558497.96
2026-03-18,2619943.86
2026-03-19,2596694.06
2026-03-20,2639872.26
2026-03-23,2545212.36
2026-03-24,2553515.86
2026-03-25,2606658.26
2026-03-26,2571783.56
2026-03-27,2581747.76
2026-03-30,2563480.06
2026-03-31,2495391.36
2026-04-01,2540230.26
2026-04-02,2478784.36
2026-04-03,2465498.76
2026-04-07,2475462.96
2026-04-08,2631568.76
2026-04-09,2609979.66
2026-04-10,2716264.46
2026-04-13,2746157.06
2026-04-14,2819227.86
2026-04-15,2782692.46
2026-04-16,2877352.36
2026-04-17,2925512.66
2026-04-20,2923851.96
2026-04-21,2930494.76
2026-04-22,2996922.76
2026-04-23,2978655.06
2026-04-24,2923851.96
2026-04-27,2902262.86
2026-04-28,2850781.16
2026-04-29,2930494.76
2026-04-30,2920530.56
2026-05-06,3003565.56
2026-05-07,3051725.86
2026-05-08,3023493.96
2026-05-11,3134760.86
2026-05-12,3133100.16
2026-05-13,3227760.06
2026-05-14,3164653.46
2026-05-15,3141403.66
2026-05-18,3133100.16
2026-05-19,3114832.46
2026-05-20,3128118.06
2026-05-21,3055047.26
2026-05-22,3148046.46
2026-05-25,3212813.76
2026-05-26,3244367.06
2026-05-27,3257652.66
2026-05-28,3325741.36
2026-05-29,3262634.76
2026-06-01,3184581.86
2026-06-02,3287545.26
2026-06-03,3314895.26
2026-06-04,3279480.86
2026-06-05,3252920.06
2026-06-08,3209758.76
2026-06-09,3227465.96
2026-06-10,3242959.76
2026-06-11,3239639.66
2026-06-12,3299401.46
2026-06-15,3345882.86
2026-06-16,3311575.16
2026-06-17,3335922.56
2026-06-18,3338135.96
2026-06-22,3426671.96
2026-06-23,3324855.56
2026-06-24,3345882.86
2026-06-25,3384617.36
2026-06-26,3319322.06
2026-06-29,3411178.16
2026-06-30,3411178.16
2026-07-01,3401217.86
2026-07-02,3322642.16
2026-07-03,3344776.16
2026-07-06,3370230.26
2026-07-07,3332602.46
2026-07-08,3329282.36
2026-07-09,3417818.36
2026-07-10,3382403.96
2026-07-13,3331495.76
2026-07-14,3383510.66
2026-07-15,3390150.86
2026-07-16,3323748.86
2026-07-17,3242959.76
2026-07-20,3327068.96
2026-07-21,3406751.36
2026-07-22,3414498.26
2026-07-23,3412284.86
2026-07-24,3374657.06
2026-07-27,3379083.86
2026-07-28,3343669.46
2026-07-29,3354836.17
2026-07-30,3354836.17
2026-07-31,3354836.17
